location_id,microclimate,microclimate2,localities,datetime,value,year,month,day,week,cumulative_GDD5,cumulative_GDD0,cumulative_BDD
COOL1,Cool,Cool,TOMST9_QHI,2025-06-01,0.051432291666666664,2025,6,1,22,0,0.13802083333333331,0
COOL1,Cool,Cool,TOMST9_QHI,2025-06-02,0.24869791666666666,2025,6,2,22,0,0.41276041666666663,0
COOL1,Cool,Cool,TOMST9_QHI,2025-06-03,0.490234375,2025,6,3,23,0,0.91796875,0
COOL1,Cool,Cool,TOMST9_QHI,2025-06-04,0.5071614583333334,2025,6,4,23,0,1.4453125,0
COOL1,Cool,Cool,TOMST9_QHI,2025-06-05,0.4147135416666667,2025,6,5,23,0,1.869140625,0
COOL1,Cool,Cool,TOMST9_QHI,2025-06-06,1.2102864583333333,2025,6,6,23,0,3.079427083333333,0
COOL1,Cool,Cool,TOMST9_QHI,2025-06-07,2.4537760416666665,2025,6,7,23,0.15104166666666657,5.541666666666666,0.4147135416666665
COOL1,Cool,Cool,TOMST9_QHI,2025-06-08,3.016927083333333,2025,6,8,23,0.5345052083333333,8.55859375,1.0859374999999998
COOL1,Cool,Cool,TOMST9_QHI,2025-06-09,2.94140625,2025,6,9,23,0.9368489583333331,11.524088541666666,1.8033854166666663
COOL1,Cool,Cool,TOMST9_QHI,2025-06-10,5.797526041666667,2025,6,10,24,2.8203125,17.417317708333332,4.385416666666666
COOL1,Cool,Cool,TOMST9_QHI,2025-06-11,7.602213541666667,2025,6,11,24,6.096354166666666,25.037109375,8.474609375
COOL1,Cool,Cool,TOMST9_QHI,2025-06-12,8.755859375,2025,6,12,24,10.639322916666668,33.838541666666664,13.810546875
COOL1,Cool,Cool,TOMST9_QHI,2025-06-13,7.647135416666667,2025,6,13,24,13.764322916666668,41.48567708333333,17.625
COOL1,Cool,Cool,TOMST9_QHI,2025-06-14,10.341145833333334,2025,6,14,24,19.481119791666668,51.82682291666667,24.186197916666664
COOL1,Cool,Cool,TOMST9_QHI,2025-06-15,8.444010416666666,2025,6,15,24,22.994140625,60.270833333333336,28.63671875
COOL1,Cool,Cool,TOMST9_QHI,2025-06-16,7.293619791666667,2025,6,16,24,25.971354166666664,67.564453125,32.29622395833333
COOL1,Cool,Cool,TOMST9_QHI,2025-06-17,8.04296875,2025,6,17,25,29.307942708333332,75.607421875,36.50325520833333
COOL1,Cool,Cool,TOMST9_QHI,2025-06-18,6.509765625,2025,6,18,25,31.438151041666664,82.1171875,39.345703125
COOL1,Cool,Cool,TOMST9_QHI,2025-06-19,4.402994791666666,2025,6,19,25,32.30924479166667,86.53190104166667,40.740234375
COOL1,Cool,Cool,TOMST9_QHI,2025-06-20,8.071614583333334,2025,6,20,25,36.160807291666664,94.603515625,45.32421875
COOL1,Cool,Cool,TOMST9_QHI,2025-06-21,8.222005208333334,2025,6,21,25,39.50325520833333,102.82552083333331,49.55794270833333
COOL1,Cool,Cool,TOMST9_QHI,2025-06-22,7.375651041666667,2025,6,22,25,42.375,110.201171875,53.16145833333333
COOL1,Cool,Cool,TOMST9_QHI,2025-06-23,5.4765625,2025,6,23,25,43.796875,115.677734375,55.1875
COOL1,Cool,Cool,TOMST9_QHI,2025-06-24,3.4733072916666665,2025,6,24,26,44.28125,119.20117187499999,56.064453125
COOL1,Cool,Cool,TOMST9_QHI,2025-06-25,5.417317708333333,2025,6,25,26,45.307942708333336,124.61848958333334,57.626953125
COOL1,Cool,Cool,TOMST9_QHI,2025-06-26,6.362630208333333,2025,6,26,26,47.4296875,130.98111979166666,60.338541666666664
COOL1,Cool,Cool,TOMST9_QHI,2025-06-27,5.51171875,2025,6,27,26,49.225911458333336,136.505859375,62.71809895833333
COOL1,Cool,Cool,TOMST9_QHI,2025-06-28,7.906901041666667,2025,6,28,26,52.59309895833333,144.41276041666669,66.826171875
COOL1,Cool,Cool,TOMST9_QHI,2025-06-29,11.024739583333334,2025,6,29,26,58.762369791666664,155.4375,73.88151041666667
COOL1,Cool,Cool,TOMST9_QHI,2025-06-30,8.255859375,2025,6,30,26,62.268880208333336,163.693359375,78.27799479166666
COOL1,Cool,Cool,TOMST9_QHI,2025-07-01,8.5703125,2025,7,1,27,66.025390625,172.263671875,82.87434895833333
COOL1,Cool,Cool,TOMST9_QHI,2025-07-02,9.197916666666666,2025,7,2,27,70.46744791666667,181.46158854166666,88.10546875
COOL1,Cool,Cool,TOMST9_QHI,2025-07-03,10.574869791666666,2025,7,3,27,76.04296875,192.03645833333331,94.68033854166666
COOL1,Cool,Cool,TOMST9_QHI,2025-07-04,11.667317708333334,2025,7,4,27,82.71875,203.70377604166669,102.34765625
COOL1,Cool,Cool,TOMST9_QHI,2025-07-05,15.935546875,2025,7,5,27,93.65559895833333,219.63932291666666,114.283203125
COOL1,Cool,Cool,TOMST9_QHI,2025-07-06,15.664713541666666,2025,7,6,27,104.3203125,235.30403645833331,125.94791666666666
COOL1,Cool,Cool,TOMST9_QHI,2025-07-07,11.902994791666666,2025,7,7,27,111.22330729166666,247.20703125,133.85091145833331
COOL1,Cool,Cool,TOMST9_QHI,2025-07-08,3.09765625,2025,7,8,28,111.22330729166666,250.3046875,133.89127604166666
COOL1,Cool,Cool,TOMST9_QHI,2025-07-09,4.768880208333333,2025,7,9,28,112.28776041666666,255.07356770833331,135.47786458333331
COOL1,Cool,Cool,TOMST9_QHI,2025-07-10,7.009765625,2025,7,10,28,114.58723958333334,262.08333333333337,138.58072916666666
COOL1,Cool,Cool,TOMST9_QHI,2025-07-11,5.518229166666667,2025,7,11,28,115.87760416666667,267.6015625,140.56510416666666
COOL1,Cool,Cool,TOMST9_QHI,2025-07-12,5.067708333333333,2025,7,12,28,117.84375,272.802734375,143.10221354166666
COOL1,Cool,Cool,TOMST9_QHI,2025-07-13,7.111328125,2025,7,13,28,121.54817708333334,280.3333333333333,147.55533854166666
COOL1,Cool,Cool,TOMST9_QHI,2025-07-14,12.814453125,2025,7,14,28,129.36263020833331,293.1477864583333,156.36979166666666
COOL1,Cool,Cool,TOMST9_QHI,2025-07-15,11.497395833333334,2025,7,15,29,135.86458333333331,304.64518229166663,163.8671875
COOL1,Cool,Cool,TOMST9_QHI,2025-07-16,12.860026041666666,2025,7,16,29,143.724609375,317.5052083333333,172.72721354166666
COOL1,Cool,Cool,TOMST9_QHI,2025-07-17,10.85546875,2025,7,17,29,149.580078125,328.3606770833333,179.58268229166666
COOL1,Cool,Cool,TOMST9_QHI,2025-07-18,5.631510416666666,2025,7,18,29,150.37109375,333.9921875,181.21419270833334
COOL1,Cool,Cool,TOMST9_QHI,2025-07-19,7.372395833333333,2025,7,19,29,152.86458333333331,341.3645833333333,184.595703125
COOL1,Cool,Cool,TOMST9_QHI,2025-07-20,10.298828125,2025,7,20,29,158.16341145833334,351.6634114583333,190.89453125
COOL1,Cool,Cool,TOMST9_QHI,2025-07-21,10.984375,2025,7,21,29,164.14778645833331,362.6477864583333,197.87890625
COOL1,Cool,Cool,TOMST9_QHI,2025-07-22,7.88671875,2025,7,22,30,167.03841145833331,370.5345052083333,201.765625
COOL1,Cool,Cool,TOMST9_QHI,2025-07-23,5.735026041666666,2025,7,23,30,168.01692708333331,376.26953125,203.50651041666663
COOL1,Cool,Cool,TOMST9_QHI,2025-07-24,9.241536458333334,2025,7,24,30,172.35091145833331,385.51106770833337,208.748046875
COOL1,Cool,Cool,TOMST9_QHI,2025-07-25,7.199869791666667,2025,7,25,30,175.62630208333331,392.7233072916667,212.689453125
COOL1,Cool,Cool,TOMST9_QHI,2025-07-26,7.670572916666667,2025,7,26,30,178.48177083333331,400.39388020833337,216.36002604166669
COOL1,Cool,Cool,TOMST9_QHI,2025-07-27,11.458984375,2025,7,27,30,184.94075520833334,411.85286458333326,223.81901041666669
COOL1,Cool,Cool,TOMST9_QHI,2025-07-28,12.788411458333334,2025,7,28,30,192.72916666666669,424.64127604166663,232.607421875
COOL1,Cool,Cool,TOMST9_QHI,2025-07-29,11.576171875,2025,7,29,31,199.30533854166663,436.2174479166667,240.18359375
COOL1,Cool,Cool,TOMST9_QHI,2025-07-30,5.71484375,2025,7,30,31,200.23763020833334,441.93229166666663,241.90104166666669
COOL1,Cool,Cool,TOMST9_QHI,2025-07-31,8.962239583333334,2025,7,31,31,204.49934895833331,450.89453125,246.89778645833331
COOL1,Cool,Cool,TOMST9_QHI,2025-08-01,14.114583333333334,2025,8,1,31,214.009765625,465.017578125,257.27213541666663
COOL1,Cool,Cool,TOMST9_QHI,2025-08-02,14.53125,2025,8,2,31,223.54231770833331,479.548828125,267.80338541666663
COOL1,Cool,Cool,TOMST9_QHI,2025-08-03,14.774088541666666,2025,8,3,31,233.34440104166666,494.32291666666663,278.57747395833337
COOL1,Cool,Cool,TOMST9_QHI,2025-08-04,8.809895833333334,2025,8,4,31,237.75716145833331,503.1328125,283.62174479166663
COOL1,Cool,Cool,TOMST9_QHI,2025-08-05,5.66796875,2025,8,5,32,239.72005208333331,508.82161458333337,286.20638020833337
COOL1,Cool,Cool,TOMST9_QHI,2025-08-06,5.095703125,2025,8,6,32,240.43424479166666,513.9173177083333,287.505859375
COOL1,Cool,Cool,TOMST9_QHI,2025-08-07,5.423828125,2025,8,7,32,242.03580729166669,519.3411458333333,289.625
COOL1,Cool,Cool,TOMST9_QHI,2025-08-08,8.336588541666666,2025,8,8,32,245.71419270833331,527.677734375,294.04036458333337
COOL1,Cool,Cool,TOMST9_QHI,2025-08-09,10.411458333333334,2025,8,9,32,251.59309895833331,538.0891927083334,300.73307291666663
COOL1,Cool,Cool,TOMST9_QHI,2025-08-10,NA,2025,8,10,32,NA,NA,NA
COOL2,Cool,Cool,TOMST9_QHI,2025-06-01,0.051432291666666664,2025,6,1,22,0,0.13802083333333331,0
COOL2,Cool,Cool,TOMST9_QHI,2025-06-02,0.24869791666666666,2025,6,2,22,0,0.41276041666666663,0
COOL2,Cool,Cool,TOMST9_QHI,2025-06-03,0.490234375,2025,6,3,23,0,0.91796875,0
COOL2,Cool,Cool,TOMST9_QHI,2025-06-04,0.5071614583333334,2025,6,4,23,0,1.4453125,0
COOL2,Cool,Cool,TOMST9_QHI,2025-06-05,0.4147135416666667,2025,6,5,23,0,1.869140625,0
COOL2,Cool,Cool,TOMST9_QHI,2025-06-06,1.2102864583333333,2025,6,6,23,0,3.079427083333333,0
COOL2,Cool,Cool,TOMST9_QHI,2025-06-07,2.4537760416666665,2025,6,7,23,0.15104166666666657,5.541666666666666,0.4147135416666665
COOL2,Cool,Cool,TOMST9_QHI,2025-06-08,3.016927083333333,2025,6,8,23,0.5345052083333333,8.55859375,1.0859374999999998
COOL2,Cool,Cool,TOMST9_QHI,2025-06-09,2.94140625,2025,6,9,23,0.9368489583333331,11.524088541666666,1.8033854166666663
COOL2,Cool,Cool,TOMST9_QHI,2025-06-10,5.797526041666667,2025,6,10,24,2.8203125,17.417317708333332,4.385416666666666
COOL2,Cool,Cool,TOMST9_QHI,2025-06-11,7.602213541666667,2025,6,11,24,6.096354166666666,25.037109375,8.474609375
COOL2,Cool,Cool,TOMST9_QHI,2025-06-12,8.755859375,2025,6,12,24,10.639322916666668,33.838541666666664,13.810546875
COOL2,Cool,Cool,TOMST9_QHI,2025-06-13,7.647135416666667,2025,6,13,24,13.764322916666668,41.48567708333333,17.625
COOL2,Cool,Cool,TOMST9_QHI,2025-06-14,10.341145833333334,2025,6,14,24,19.481119791666668,51.82682291666667,24.186197916666664
COOL2,Cool,Cool,TOMST9_QHI,2025-06-15,8.444010416666666,2025,6,15,24,22.994140625,60.270833333333336,28.63671875
COOL2,Cool,Cool,TOMST9_QHI,2025-06-16,7.293619791666667,2025,6,16,24,25.971354166666664,67.564453125,32.29622395833333
COOL2,Cool,Cool,TOMST9_QHI,2025-06-17,8.04296875,2025,6,17,25,29.307942708333332,75.607421875,36.50325520833333
COOL2,Cool,Cool,TOMST9_QHI,2025-06-18,6.509765625,2025,6,18,25,31.438151041666664,82.1171875,39.345703125
COOL2,Cool,Cool,TOMST9_QHI,2025-06-19,4.402994791666666,2025,6,19,25,32.30924479166667,86.53190104166667,40.740234375
COOL2,Cool,Cool,TOMST9_QHI,2025-06-20,8.071614583333334,2025,6,20,25,36.160807291666664,94.603515625,45.32421875
COOL2,Cool,Cool,TOMST9_QHI,2025-06-21,8.222005208333334,2025,6,21,25,39.50325520833333,102.82552083333331,49.55794270833333
COOL2,Cool,Cool,TOMST9_QHI,2025-06-22,7.375651041666667,2025,6,22,25,42.375,110.201171875,53.16145833333333
COOL2,Cool,Cool,TOMST9_QHI,2025-06-23,5.4765625,2025,6,23,25,43.796875,115.677734375,55.1875
COOL2,Cool,Cool,TOMST9_QHI,2025-06-24,3.4733072916666665,2025,6,24,26,44.28125,119.20117187499999,56.064453125
COOL2,Cool,Cool,TOMST9_QHI,2025-06-25,5.417317708333333,2025,6,25,26,45.307942708333336,124.61848958333334,57.626953125
COOL2,Cool,Cool,TOMST9_QHI,2025-06-26,6.362630208333333,2025,6,26,26,47.4296875,130.98111979166666,60.338541666666664
COOL2,Cool,Cool,TOMST9_QHI,2025-06-27,5.51171875,2025,6,27,26,49.225911458333336,136.505859375,62.71809895833333
COOL2,Cool,Cool,TOMST9_QHI,2025-06-28,7.906901041666667,2025,6,28,26,52.59309895833333,144.41276041666669,66.826171875
COOL2,Cool,Cool,TOMST9_QHI,2025-06-29,11.024739583333334,2025,6,29,26,58.762369791666664,155.4375,73.88151041666667
COOL2,Cool,Cool,TOMST9_QHI,2025-06-30,8.255859375,2025,6,30,26,62.268880208333336,163.693359375,78.27799479166666
COOL2,Cool,Cool,TOMST9_QHI,2025-07-01,8.5703125,2025,7,1,27,66.025390625,172.263671875,82.87434895833333
COOL2,Cool,Cool,TOMST9_QHI,2025-07-02,9.197916666666666,2025,7,2,27,70.46744791666667,181.46158854166666,88.10546875
COOL2,Cool,Cool,TOMST9_QHI,2025-07-03,10.574869791666666,2025,7,3,27,76.04296875,192.03645833333331,94.68033854166666
COOL2,Cool,Cool,TOMST9_QHI,2025-07-04,11.667317708333334,2025,7,4,27,82.71875,203.70377604166669,102.34765625
COOL2,Cool,Cool,TOMST9_QHI,2025-07-05,15.935546875,2025,7,5,27,93.65559895833333,219.63932291666666,114.283203125
COOL2,Cool,Cool,TOMST9_QHI,2025-07-06,15.664713541666666,2025,7,6,27,104.3203125,235.30403645833331,125.94791666666666
COOL2,Cool,Cool,TOMST9_QHI,2025-07-07,11.902994791666666,2025,7,7,27,111.22330729166666,247.20703125,133.85091145833331
COOL2,Cool,Cool,TOMST9_QHI,2025-07-08,3.09765625,2025,7,8,28,111.22330729166666,250.3046875,133.89127604166666
COOL2,Cool,Cool,TOMST9_QHI,2025-07-09,4.768880208333333,2025,7,9,28,112.28776041666666,255.07356770833331,135.47786458333331
COOL2,Cool,Cool,TOMST9_QHI,2025-07-10,7.009765625,2025,7,10,28,114.58723958333334,262.08333333333337,138.58072916666666
COOL2,Cool,Cool,TOMST9_QHI,2025-07-11,5.518229166666667,2025,7,11,28,115.87760416666667,267.6015625,140.56510416666666
COOL2,Cool,Cool,TOMST9_QHI,2025-07-12,5.067708333333333,2025,7,12,28,117.84375,272.802734375,143.10221354166666
COOL2,Cool,Cool,TOMST9_QHI,2025-07-13,7.111328125,2025,7,13,28,121.54817708333334,280.3333333333333,147.55533854166666
COOL2,Cool,Cool,TOMST9_QHI,2025-07-14,12.814453125,2025,7,14,28,129.36263020833331,293.1477864583333,156.36979166666666
COOL2,Cool,Cool,TOMST9_QHI,2025-07-15,11.497395833333334,2025,7,15,29,135.86458333333331,304.64518229166663,163.8671875
COOL2,Cool,Cool,TOMST9_QHI,2025-07-16,12.860026041666666,2025,7,16,29,143.724609375,317.5052083333333,172.72721354166666
COOL2,Cool,Cool,TOMST9_QHI,2025-07-17,10.85546875,2025,7,17,29,149.580078125,328.3606770833333,179.58268229166666
COOL2,Cool,Cool,TOMST9_QHI,2025-07-18,5.631510416666666,2025,7,18,29,150.37109375,333.9921875,181.21419270833334
COOL2,Cool,Cool,TOMST9_QHI,2025-07-19,7.372395833333333,2025,7,19,29,152.86458333333331,341.3645833333333,184.595703125
COOL2,Cool,Cool,TOMST9_QHI,2025-07-20,10.298828125,2025,7,20,29,158.16341145833334,351.6634114583333,190.89453125
COOL2,Cool,Cool,TOMST9_QHI,2025-07-21,10.984375,2025,7,21,29,164.14778645833331,362.6477864583333,197.87890625
COOL2,Cool,Cool,TOMST9_QHI,2025-07-22,7.88671875,2025,7,22,30,167.03841145833331,370.5345052083333,201.765625
COOL2,Cool,Cool,TOMST9_QHI,2025-07-23,5.735026041666666,2025,7,23,30,168.01692708333331,376.26953125,203.50651041666663
COOL2,Cool,Cool,TOMST9_QHI,2025-07-24,9.241536458333334,2025,7,24,30,172.35091145833331,385.51106770833337,208.748046875
COOL2,Cool,Cool,TOMST9_QHI,2025-07-25,7.199869791666667,2025,7,25,30,175.62630208333331,392.7233072916667,212.689453125
COOL2,Cool,Cool,TOMST9_QHI,2025-07-26,7.670572916666667,2025,7,26,30,178.48177083333331,400.39388020833337,216.36002604166669
COOL2,Cool,Cool,TOMST9_QHI,2025-07-27,11.458984375,2025,7,27,30,184.94075520833334,411.85286458333326,223.81901041666669
COOL2,Cool,Cool,TOMST9_QHI,2025-07-28,12.788411458333334,2025,7,28,30,192.72916666666669,424.64127604166663,232.607421875
COOL2,Cool,Cool,TOMST9_QHI,2025-07-29,11.576171875,2025,7,29,31,199.30533854166663,436.2174479166667,240.18359375
COOL2,Cool,Cool,TOMST9_QHI,2025-07-30,5.71484375,2025,7,30,31,200.23763020833334,441.93229166666663,241.90104166666669
COOL2,Cool,Cool,TOMST9_QHI,2025-07-31,8.962239583333334,2025,7,31,31,204.49934895833331,450.89453125,246.89778645833331
COOL2,Cool,Cool,TOMST9_QHI,2025-08-01,14.114583333333334,2025,8,1,31,214.009765625,465.017578125,257.27213541666663
COOL2,Cool,Cool,TOMST9_QHI,2025-08-02,14.53125,2025,8,2,31,223.54231770833331,479.548828125,267.80338541666663
COOL2,Cool,Cool,TOMST9_QHI,2025-08-03,14.774088541666666,2025,8,3,31,233.34440104166666,494.32291666666663,278.57747395833337
COOL2,Cool,Cool,TOMST9_QHI,2025-08-04,8.809895833333334,2025,8,4,31,237.75716145833331,503.1328125,283.62174479166663
COOL2,Cool,Cool,TOMST9_QHI,2025-08-05,5.66796875,2025,8,5,32,239.72005208333331,508.82161458333337,286.20638020833337
COOL2,Cool,Cool,TOMST9_QHI,2025-08-06,5.095703125,2025,8,6,32,240.43424479166666,513.9173177083333,287.505859375
COOL2,Cool,Cool,TOMST9_QHI,2025-08-07,5.423828125,2025,8,7,32,242.03580729166669,519.3411458333333,289.625
COOL2,Cool,Cool,TOMST9_QHI,2025-08-08,8.336588541666666,2025,8,8,32,245.71419270833331,527.677734375,294.04036458333337
COOL2,Cool,Cool,TOMST9_QHI,2025-08-09,10.411458333333334,2025,8,9,32,251.59309895833331,538.0891927083334,300.73307291666663
COOL2,Cool,Cool,TOMST9_QHI,2025-08-10,NA,2025,8,10,32,NA,NA,NA
WARM3,Warm,Warm,TOMST29_QHI,NA,NA,NA,NA,NA,NA,NA,NA,NA
COOL4,Cool,Cool,TOMST40_QHI,2025-06-01,-0.3470052083333333,2025,6,1,22,0,1.2415364583333333,0
COOL4,Cool,Cool,TOMST40_QHI,2025-06-02,-0.73828125,2025,6,2,22,0,1.8841145833333333,0
COOL4,Cool,Cool,TOMST40_QHI,2025-06-03,-0.3229166666666667,2025,6,3,23,0,2.8561197916666665,0
COOL4,Cool,Cool,TOMST40_QHI,2025-06-04,0.23567708333333334,2025,6,4,23,0,3.71484375,0
COOL4,Cool,Cool,TOMST40_QHI,2025-06-05,0.423828125,2025,6,5,23,0,4.60546875,0
COOL4,Cool,Cool,TOMST40_QHI,2025-06-06,2.376953125,2025,6,6,23,0.5755208333333333,7.455078125,0.9270833333333333
COOL4,Cool,Cool,TOMST40_QHI,2025-06-07,2.9830729166666665,2025,6,7,23,1.2604166666666665,10.795572916666666,1.9947916666666665
COOL4,Cool,Cool,TOMST40_QHI,2025-06-08,3.744140625,2025,6,8,23,2.095703125,14.539713541666666,3.192057291666666
COOL4,Cool,Cool,TOMST40_QHI,2025-06-09,3.7376302083333335,2025,6,9,23,2.972005208333333,18.307291666666664,4.517578125
COOL4,Cool,Cool,TOMST40_QHI,2025-06-10,7.487630208333334,2025,6,10,24,6.998697916666666,26.178385416666664,9.245442708333334
COOL4,Cool,Cool,TOMST40_QHI,2025-06-11,9.020833333333334,2025,6,11,24,11.904296875,35.26171875,14.940755208333332
COOL4,Cool,Cool,TOMST40_QHI,2025-06-12,9.76953125,2025,6,12,24,17.703125,45.14583333333333,21.513020833333332
COOL4,Cool,Cool,TOMST40_QHI,2025-06-13,8.711588541666668,2025,6,13,24,21.872395833333332,53.857421875,26.412109374999996
COOL4,Cool,Cool,TOMST40_QHI,2025-06-14,10.455729166666666,2025,6,14,24,28.111328125,64.33854166666667,33.477864583333336
COOL4,Cool,Cool,TOMST40_QHI,2025-06-15,10.215494791666668,2025,6,15,24,33.49934895833333,74.55403645833333,39.735677083333336
COOL4,Cool,Cool,TOMST40_QHI,2025-06-16,8.688151041666668,2025,6,16,24,37.88802083333333,83.2421875,44.85416666666667
COOL4,Cool,Cool,TOMST40_QHI,2025-06-17,9.352864583333334,2025,6,17,25,42.92513020833333,92.59895833333333,50.712890625
COOL4,Cool,Cool,TOMST40_QHI,2025-06-18,7.577473958333333,2025,6,18,25,46.116536458333336,100.17643229166666,54.68489583333333
COOL4,Cool,Cool,TOMST40_QHI,2025-06-19,6.010416666666667,2025,6,19,25,48.419921875,106.24088541666666,57.60611979166666
COOL4,Cool,Cool,TOMST40_QHI,2025-06-20,10.227864583333334,2025,6,20,25,54.40234375,116.46875,64.34895833333334
COOL4,Cool,Cool,TOMST40_QHI,2025-06-21,9.340494791666668,2025,6,21,25,58.759765625,125.80924479166667,69.689453125
COOL4,Cool,Cool,TOMST40_QHI,2025-06-22,8.345703125,2025,6,22,25,62.74869791666667,134.15494791666666,74.423828125
COOL4,Cool,Cool,TOMST40_QHI,2025-06-23,6.642578125,2025,6,23,25,65.20703125,140.79752604166669,77.5703125
COOL4,Cool,Cool,TOMST40_QHI,2025-06-24,4.787109375,2025,6,24,26,66.63411458333334,145.62044270833331,79.59244791666666
COOL4,Cool,Cool,TOMST40_QHI,2025-06-25,5.845052083333333,2025,6,25,26,68.068359375,151.46549479166666,81.580078125
COOL4,Cool,Cool,TOMST40_QHI,2025-06-26,6.625,2025,6,26,26,70.45247395833333,158.09049479166666,84.5625
COOL4,Cool,Cool,TOMST40_QHI,2025-06-27,5.923828125,2025,6,27,26,72.75260416666667,164.04427083333331,87.478515625
COOL4,Cool,Cool,TOMST40_QHI,2025-06-28,9.350260416666666,2025,6,28,26,77.43033854166666,173.39453125,92.92643229166666
COOL4,Cool,Cool,TOMST40_QHI,2025-06-29,11.815104166666666,2025,6,29,26,84.55208333333334,185.20963541666666,100.88802083333334
COOL4,Cool,Cool,TOMST40_QHI,2025-06-30,9.177734375,2025,6,30,26,89.22916666666667,194.38736979166669,106.37565104166666
COOL4,Cool,Cool,TOMST40_QHI,2025-07-01,9.716796875,2025,7,1,27,94.03125,204.10416666666663,112.10611979166666
COOL4,Cool,Cool,TOMST40_QHI,2025-07-02,11.171875,2025,7,2,27,100.2109375,215.27604166666669,119.27799479166666
COOL4,Cool,Cool,TOMST40_QHI,2025-07-03,12.280598958333334,2025,7,3,27,107.49153645833334,227.55664062499997,127.55859375
COOL4,Cool,Cool,TOMST40_QHI,2025-07-04,13.895833333333334,2025,7,4,27,116.38736979166667,241.45247395833334,137.45442708333331
COOL4,Cool,Cool,TOMST40_QHI,2025-07-05,15.919921875,2025,7,5,27,127.35546875,257.37239583333337,149.38997395833331
COOL4,Cool,Cool,TOMST40_QHI,2025-07-06,15.619140625,2025,7,6,27,137.974609375,272.9915364583333,161.00911458333331
COOL4,Cool,Cool,TOMST40_QHI,2025-07-07,11.037109375,2025,7,7,27,144.01171875,284.0286458333333,168.04622395833331
COOL4,Cool,Cool,TOMST40_QHI,2025-07-08,2.995442708333333,2025,7,8,28,144.01171875,287.0240885416667,168.08463541666669
COOL4,Cool,Cool,TOMST40_QHI,2025-07-09,4.981119791666667,2025,7,9,28,145.333984375,292.0052083333333,169.93098958333331
COOL4,Cool,Cool,TOMST40_QHI,2025-07-10,6.467447916666667,2025,7,10,28,147.22395833333334,298.47265625,172.57096354166666
COOL4,Cool,Cool,TOMST40_QHI,2025-07-11,5.541015625,2025,7,11,28,148.50065104166666,304.013671875,174.5625
COOL4,Cool,Cool,TOMST40_QHI,2025-07-12,5.135416666666667,2025,7,12,28,150.87630208333331,309.3893229166667,177.43880208333331
COOL4,Cool,Cool,TOMST40_QHI,2025-07-13,7.330729166666667,2025,7,13,28,155.55989583333331,317.5162760416667,182.77864583333334
COOL4,Cool,Cool,TOMST40_QHI,2025-07-14,12.8203125,2025,7,14,28,163.38216145833331,330.3365885416667,191.59895833333331
COOL4,Cool,Cool,TOMST40_QHI,2025-07-15,11.217447916666668,2025,7,15,29,169.63932291666666,341.55403645833337,198.81901041666663
COOL4,Cool,Cool,TOMST40_QHI,2025-07-16,13.469401041666666,2025,7,16,29,178.10872395833334,355.0234375,208.28841145833334
COOL4,Cool,Cool,TOMST40_QHI,2025-07-17,10.62109375,2025,7,17,29,183.72981770833331,365.64453125,214.90950520833334
COOL4,Cool,Cool,TOMST40_QHI,2025-07-18,5.939453125,2025,7,18,29,184.82682291666666,371.583984375,216.84895833333334
COOL4,Cool,Cool,TOMST40_QHI,2025-07-19,7.951822916666667,2025,7,19,29,187.994140625,379.53580729166663,220.84635416666666
COOL4,Cool,Cool,TOMST40_QHI,2025-07-20,11.153645833333334,2025,7,20,29,194.14778645833331,390.689453125,228
COOL4,Cool,Cool,TOMST40_QHI,2025-07-21,10.796223958333334,2025,7,21,29,199.94401041666663,401.4856770833333,234.79622395833334
COOL4,Cool,Cool,TOMST40_QHI,2025-07-22,8.178385416666668,2025,7,22,30,203.12239583333331,409.6640625,238.974609375
COOL4,Cool,Cool,TOMST40_QHI,2025-07-23,5.825520833333333,2025,7,23,30,204.25065104166663,415.4895833333333,240.83919270833331
COOL4,Cool,Cool,TOMST40_QHI,2025-07-24,9.046875,2025,7,24,30,208.44791666666666,424.5364583333333,245.91276041666666
COOL4,Cool,Cool,TOMST40_QHI,2025-07-25,5.991536458333333,2025,7,25,30,210.734375,430.5865885416667,248.80729166666666
COOL4,Cool,Cool,TOMST40_QHI,2025-07-26,7.854817708333334,2025,7,26,30,213.83333333333331,438.44140625,252.67252604166663
COOL4,Cool,Cool,TOMST40_QHI,2025-07-27,11.653645833333334,2025,7,27,30,220.48697916666663,450.0950520833333,260.326171875
COOL4,Cool,Cool,TOMST40_QHI,2025-07-28,11.970052083333334,2025,7,28,30,227.46419270833331,462.06510416666663,268.2962239583333
COOL4,Cool,Cool,TOMST40_QHI,2025-07-29,11.820963541666668,2025,7,29,31,234.28515625,473.88606770833326,276.1171875
COOL4,Cool,Cool,TOMST40_QHI,2025-07-30,5.4453125,2025,7,30,31,235.06966145833331,479.33138020833337,277.5970052083333
COOL4,Cool,Cool,TOMST40_QHI,2025-07-31,9.272786458333334,2025,7,31,31,239.724609375,488.60416666666663,282.96484375
COOL4,Cool,Cool,TOMST40_QHI,2025-08-01,12.33984375,2025,8,1,31,248.01822916666669,501.04947916666663,292.02408854166663
COOL4,Cool,Cool,TOMST40_QHI,2025-08-02,12.927083333333334,2025,8,2,31,256.2688802083333,513.9765625,301.09505208333337
COOL4,Cool,Cool,TOMST40_QHI,2025-08-03,12.932942708333334,2025,8,3,31,264.64453125,526.9095052083334,310.263671875
COOL4,Cool,Cool,TOMST40_QHI,2025-08-04,8.550130208333334,2025,8,4,31,268.892578125,535.4596354166666,315.12174479166663
COOL4,Cool,Cool,TOMST40_QHI,2025-08-05,5.992838541666667,2025,8,5,32,271.37044270833337,541.5091145833333,318.23502604166663
COOL4,Cool,Cool,TOMST40_QHI,2025-08-06,5.031901041666666,2025,8,6,32,272.06770833333337,546.541015625,319.484375
COOL4,Cool,Cool,TOMST40_QHI,2025-08-07,5.244140625,2025,8,7,32,273.7298177083333,551.78515625,321.61588541666663
COOL4,Cool,Cool,TOMST40_QHI,2025-08-08,7.989583333333334,2025,8,8,32,277.59309895833337,559.7747395833334,326.10872395833337
COOL4,Cool,Cool,TOMST40_QHI,2025-08-09,10.220703125,2025,8,9,32,283.5201822916667,569.9954427083333,332.81184895833337
COOL4,Cool,Cool,TOMST40_QHI,2025-08-10,7.108072916666667,2025,8,10,32,285.6282552083333,577.103515625,335.919921875
COOL4,Cool,Cool,TOMST40_QHI,2025-08-11,6.723958333333333,2025,8,11,32,287.35611979166663,583.8274739583334,338.6438802083333
COOL4,Cool,Cool,TOMST40_QHI,2025-08-12,NA,2025,8,12,33,NA,NA,NA
WARM1,Warm,Warm,TOMST39_QHI,2025-06-01,0.43229166666666663,2025,6,1,22,4.174479166666666,34.678385416666664,7.170572916666666
WARM1,Warm,Warm,TOMST39_QHI,2025-06-02,-0.43945312500000006,2025,6,2,22,4.180989583333332,35.990234375,7.238932291666666
WARM1,Warm,Warm,TOMST39_QHI,2025-06-03,-1.2454427083333333,2025,6,3,23,4.180989583333332,37.03255208333333,7.251953124999999
WARM1,Warm,Warm,TOMST39_QHI,2025-06-04,-0.5625,2025,6,4,23,4.19140625,38.031901041666664,7.299479166666666
WARM1,Warm,Warm,TOMST39_QHI,2025-06-05,0.9628906249999999,2025,6,5,23,4.236328124999999,39.83919270833333,7.538411458333332
WARM1,Warm,Warm,TOMST39_QHI,2025-06-06,3.59375,2025,6,6,23,5.837239583333332,43.96289062499999,9.546874999999998
WARM1,Warm,Warm,TOMST39_QHI,2025-06-07,4.374348958333333,2025,6,7,23,7.718098958333333,48.707682291666664,11.843749999999998
WARM1,Warm,Warm,TOMST39_QHI,2025-06-08,4.806640625,2025,6,8,23,9.398437499999998,53.51432291666666,13.929687499999998
WARM1,Warm,Warm,TOMST39_QHI,2025-06-09,4.477864583333333,2025,6,9,23,10.793619791666666,58.012369791666664,15.820312499999996
WARM1,Warm,Warm,TOMST39_QHI,2025-06-10,9.609375,2025,6,10,24,17.005859375,68.125,22.784505208333332
WARM1,Warm,Warm,TOMST39_QHI,2025-06-11,12.492838541666666,2025,6,11,24,25.200520833333332,80.62239583333333,31.77083333333333
WARM1,Warm,Warm,TOMST39_QHI,2025-06-12,11.794921875,2025,6,12,24,32.779947916666664,92.41731770833333,40.14192708333333
WARM1,Warm,Warm,TOMST39_QHI,2025-06-13,12.210286458333334,2025,6,13,24,40.168619791666664,104.62760416666666,48.36979166666667
WARM1,Warm,Warm,TOMST39_QHI,2025-06-14,14.983723958333334,2025,6,14,24,50.85611979166666,119.61132812499999,59.86588541666667
WARM1,Warm,Warm,TOMST39_QHI,2025-06-15,11.849609375,2025,6,15,24,57.73307291666667,131.4609375,67.71549479166666
WARM1,Warm,Warm,TOMST39_QHI,2025-06-16,9.628255208333334,2025,6,16,24,63.00846354166666,141.08919270833331,73.73828125
WARM1,Warm,Warm,TOMST39_QHI,2025-06-17,10.813151041666666,2025,6,17,25,69.42513020833333,151.90234375,80.95703125
WARM1,Warm,Warm,TOMST39_QHI,2025-06-18,7.828125,2025,6,18,25,73.04557291666666,159.73046875,85.28255208333333
WARM1,Warm,Warm,TOMST39_QHI,2025-06-19,5.674479166666667,2025,6,19,25,75.14192708333333,165.4609375,87.95833333333333
WARM1,Warm,Warm,TOMST39_QHI,2025-06-20,10.673177083333334,2025,6,20,25,81.517578125,176.13411458333331,95.099609375
WARM1,Warm,Warm,TOMST39_QHI,2025-06-21,10.104817708333334,2025,6,21,25,86.64127604166666,186.23893229166666,101.20442708333334
WARM1,Warm,Warm,TOMST39_QHI,2025-06-22,8.783203125,2025,6,22,25,91.14518229166666,195.02213541666663,106.43684895833334
WARM1,Warm,Warm,TOMST39_QHI,2025-06-23,6.317708333333333,2025,6,23,25,93.42578125,201.33984375,109.35807291666666
WARM1,Warm,Warm,TOMST39_QHI,2025-06-24,4.15625,2025,6,24,26,94.25,205.54427083333331,110.78645833333333
WARM1,Warm,Warm,TOMST39_QHI,2025-06-25,6.297526041666667,2025,6,25,26,96.17382812499999,211.84179687499997,113.255859375
WARM1,Warm,Warm,TOMST39_QHI,2025-06-26,7.203125,2025,6,26,26,99.14388020833333,219.044921875,116.82096354166667
WARM1,Warm,Warm,TOMST39_QHI,2025-06-27,6.603515625,2025,6,27,26,102.04427083333333,225.66536458333331,120.37630208333334
WARM1,Warm,Warm,TOMST39_QHI,2025-06-28,11.210286458333334,2025,6,28,26,108.580078125,236.87565104166663,127.69986979166666
WARM1,Warm,Warm,TOMST39_QHI,2025-06-29,14.015625,2025,6,29,26,117.80729166666666,250.89127604166663,137.78190104166666
WARM1,Warm,Warm,TOMST39_QHI,2025-06-30,10.704427083333334,2025,6,30,26,123.95182291666667,261.595703125,144.755859375
WARM1,Warm,Warm,TOMST39_QHI,2025-07-01,10.404296875,2025,7,1,27,129.42838541666666,272,151.17252604166666
WARM1,Warm,Warm,TOMST39_QHI,2025-07-02,9.529296875,2025,7,2,27,133.97330729166666,281.529296875,156.70182291666666
WARM1,Warm,Warm,TOMST39_QHI,2025-07-03,11.1484375,2025,7,3,27,140.12174479166666,292.677734375,163.85026041666666
WARM1,Warm,Warm,TOMST39_QHI,2025-07-04,13.190104166666668,2025,7,4,27,148.31184895833331,305.86783854166663,173.04036458333334
WARM1,Warm,Warm,TOMST39_QHI,2025-07-05,20.026692708333332,2025,7,5,27,163.33854166666666,325.89453125,189.06705729166669
WARM1,Warm,Warm,TOMST39_QHI,2025-07-06,18.763671875,2025,7,6,27,177.10221354166666,344.658203125,203.83072916666666
WARM1,Warm,Warm,TOMST39_QHI,2025-07-07,13.305989583333334,2025,7,7,27,185.408203125,357.9641927083333,213.13671875
WARM1,Warm,Warm,TOMST39_QHI,2025-07-08,3.4205729166666665,2025,7,8,28,185.45052083333334,361.384765625,213.37825520833331
WARM1,Warm,Warm,TOMST39_QHI,2025-07-09,5.475911458333333,2025,7,9,28,187.16080729166666,366.8606770833333,215.70182291666666
WARM1,Warm,Warm,TOMST39_QHI,2025-07-10,7.692708333333333,2025,7,10,28,190.314453125,374.55338541666663,219.63671875
WARM1,Warm,Warm,TOMST39_QHI,2025-07-11,6.23828125,2025,7,11,28,192.15429687499997,380.79166666666663,222.26106770833331
WARM1,Warm,Warm,TOMST39_QHI,2025-07-12,6.451171875,2025,7,12,28,195.71940104166663,387.54882812499994,226.412109375
WARM1,Warm,Warm,TOMST39_QHI,2025-07-13,7.96484375,2025,7,13,28,200.51692708333331,396.13997395833337,231.95768229166669
WARM1,Warm,Warm,TOMST39_QHI,2025-07-14,14.363932291666666,2025,7,14,28,209.880859375,410.50390625,242.32161458333331
WARM1,Warm,Warm,TOMST39_QHI,2025-07-15,12.633463541666666,2025,7,15,29,217.5234375,423.13736979166663,250.955078125
WARM1,Warm,Warm,TOMST39_QHI,2025-07-16,14.624348958333334,2025,7,16,29,227.14778645833331,437.76171875,261.57942708333337
WARM1,Warm,Warm,TOMST39_QHI,2025-07-17,11.608723958333334,2025,7,17,29,233.75651041666669,449.37044270833326,269.1881510416667
WARM1,Warm,Warm,TOMST39_QHI,2025-07-18,5.483723958333333,2025,7,18,29,234.45442708333331,454.85416666666663,270.67578125
WARM1,Warm,Warm,TOMST39_QHI,2025-07-19,7.662109375,2025,7,19,29,237.302734375,462.51627604166663,274.37630208333337
WARM1,Warm,Warm,TOMST39_QHI,2025-07-20,11.357421875,2025,7,20,29,243.66015625,473.87369791666663,281.7337239583333
WARM1,Warm,Warm,TOMST39_QHI,2025-07-21,12.12109375,2025,7,21,29,250.78125,485.99479166666663,289.8548177083333
WARM1,Warm,Warm,TOMST39_QHI,2025-07-22,8.68359375,2025,7,22,30,254.46484375,494.67838541666663,294.53841145833337
WARM1,Warm,Warm,TOMST39_QHI,2025-07-23,6.986328125,2025,7,23,30,256.7180989583333,501.66471354166663,297.5709635416667
WARM1,Warm,Warm,TOMST39_QHI,2025-07-24,9.615234375,2025,7,24,30,261.4934895833333,511.27994791666663,303.21158854166663
WARM1,Warm,Warm,TOMST39_QHI,2025-07-25,8.7578125,2025,7,25,30,266.19140625,520.0442708333333,308.5690104166667
WARM1,Warm,Warm,TOMST39_QHI,2025-07-26,8.188151041666666,2025,7,26,30,269.6204427083333,528.232421875,312.7760416666667
WARM1,Warm,Warm,TOMST39_QHI,2025-07-27,12.1015625,2025,7,27,30,276.7220052083333,540.333984375,320.87760416666663
WARM1,Warm,Warm,TOMST39_QHI,2025-07-28,14.456380208333334,2025,7,28,30,286.17838541666663,554.7903645833333,331.333984375
WARM1,Warm,Warm,TOMST39_QHI,2025-07-29,12.576171875,2025,7,29,31,293.75455729166663,567.3665364583333,339.91015625
WARM1,Warm,Warm,TOMST39_QHI,2025-07-30,5.890625,2025,7,30,31,294.8723958333333,573.2571614583333,341.82356770833337
WARM1,Warm,Warm,TOMST39_QHI,2025-07-31,9.839192708333334,2025,7,31,31,300.06901041666663,583.0963541666666,347.755859375
WARM1,Warm,Warm,TOMST39_QHI,2025-08-01,16.084635416666668,2025,8,1,31,311.57682291666663,599.1809895833333,360.1302083333333
WARM1,Warm,Warm,TOMST39_QHI,2025-08-02,15.994140625,2025,8,2,31,322.580078125,615.1751302083333,372.1243489583333
WARM1,Warm,Warm,TOMST39_QHI,2025-08-03,16.538411458333332,2025,8,3,31,334.1985677083333,631.7135416666666,384.6640625
WARM1,Warm,Warm,TOMST39_QHI,2025-08-04,8.994140625,2025,8,4,31,338.7591145833333,640.7076822916666,389.890625
WARM1,Warm,Warm,TOMST39_QHI,2025-08-05,6.0546875,2025,8,5,32,341.1881510416667,646.8294270833333,392.9954427083333
WARM1,Warm,Warm,TOMST39_QHI,2025-08-06,5.991536458333333,2025,8,6,32,342.7233072916667,652.8209635416666,395.18359375
WARM1,Warm,Warm,TOMST39_QHI,2025-08-07,6.126953125,2025,8,7,32,345.15885416666663,658.9479166666666,398.12434895833326
WARM1,Warm,Warm,TOMST39_QHI,2025-08-08,8.802734375,2025,8,8,32,349.46354166666663,667.7506510416666,403.1263020833333
WARM1,Warm,Warm,TOMST39_QHI,2025-08-09,11.716145833333334,2025,8,9,32,356.41796875,679.466796875,410.92057291666663
WARM1,Warm,Warm,TOMST39_QHI,2025-08-10,7.587239583333333,2025,8,10,32,359.0052083333333,687.0540364583333,414.5078125
WARM1,Warm,Warm,TOMST39_QHI,2025-08-11,7.264973958333333,2025,8,11,32,361.271484375,694.3190104166666,417.77278645833337
WARM1,Warm,Warm,TOMST39_QHI,2025-08-12,NA,2025,8,12,33,NA,NA,NA
COOL3,Cool,Cool,TOMST4_QHI,NA,NA,NA,NA,NA,NA,NA,NA,NA
MOD1,Moderate,Moderate,TOMST17_QHI,2025-06-01,-0.388671875,2025,6,1,22,0,7.599609375,0.013020833333333313
MOD1,Moderate,Moderate,TOMST17_QHI,2025-06-02,-1.1100260416666665,2025,6,2,22,0,8.240234375,0.013020833333333313
MOD1,Moderate,Moderate,TOMST17_QHI,2025-06-03,-0.6946614583333333,2025,6,3,23,0,9.256510416666666,0.013020833333333313
MOD1,Moderate,Moderate,TOMST17_QHI,2025-06-04,-0.728515625,2025,6,4,23,0,9.795572916666666,0.013020833333333313
MOD1,Moderate,Moderate,TOMST17_QHI,2025-06-05,-0.16992187499999997,2025,6,5,23,0,10.280598958333332,0.013020833333333313
MOD1,Moderate,Moderate,TOMST17_QHI,2025-06-06,0.5384114583333334,2025,6,6,23,0,11.184244791666666,0.013020833333333313
MOD1,Moderate,Moderate,TOMST17_QHI,2025-06-07,2.307942708333333,2025,6,7,23,0.3085937499999999,13.791666666666664,0.6471354166666665
MOD1,Moderate,Moderate,TOMST17_QHI,2025-06-08,1.9544270833333333,2025,6,8,23,0.3847656249999999,15.760416666666664,0.8665364583333331
MOD1,Moderate,Moderate,TOMST17_QHI,2025-06-09,1.99609375,2025,6,9,23,0.4231770833333332,17.821614583333332,1.046223958333333
MOD1,Moderate,Moderate,TOMST17_QHI,2025-06-10,7.477864583333334,2025,6,10,24,3.989583333333333,25.356119791666664,5.319661458333334
MOD1,Moderate,Moderate,TOMST17_QHI,2025-06-11,9.707682291666666,2025,6,11,24,9.272135416666666,35.06380208333333,11.418619791666668
MOD1,Moderate,Moderate,TOMST17_QHI,2025-06-12,9.912109375,2025,6,12,24,14.722005208333334,44.97591145833333,17.657552083333336
MOD1,Moderate,Moderate,TOMST17_QHI,2025-06-13,10.71875,2025,6,13,24,20.705078125,55.694661458333336,24.4140625
MOD1,Moderate,Moderate,TOMST17_QHI,2025-06-14,13.395833333333334,2025,6,14,24,29.114583333333332,69.09049479166666,33.80989583333333
MOD1,Moderate,Moderate,TOMST17_QHI,2025-06-15,10.7109375,2025,6,15,24,34.85286458333333,79.80143229166666,40.520833333333336
MOD1,Moderate,Moderate,TOMST17_QHI,2025-06-16,8.972005208333334,2025,6,16,24,39.13020833333333,88.7734375,45.643229166666664
MOD1,Moderate,Moderate,TOMST17_QHI,2025-06-17,9.938802083333334,2025,6,17,25,44.224609375,98.71223958333331,51.623046875
MOD1,Moderate,Moderate,TOMST17_QHI,2025-06-18,6.567057291666667,2025,6,18,25,46.421875,105.279296875,54.48958333333333
MOD1,Moderate,Moderate,TOMST17_QHI,2025-06-19,4.824869791666667,2025,6,19,25,47.692708333333336,110.11979166666666,56.27408854166667
MOD1,Moderate,Moderate,TOMST17_QHI,2025-06-20,10.317057291666666,2025,6,20,25,53.594401041666664,120.43684895833333,62.934244791666664
MOD1,Moderate,Moderate,TOMST17_QHI,2025-06-21,10.151041666666668,2025,6,21,25,58.74934895833333,130.587890625,69.08528645833333
MOD1,Moderate,Moderate,TOMST17_QHI,2025-06-22,7.537760416666667,2025,6,22,25,61.91796875,138.12565104166669,72.962890625
MOD1,Moderate,Moderate,TOMST17_QHI,2025-06-23,5.401041666666667,2025,6,23,25,63.39322916666667,143.52669270833334,75.037109375
MOD1,Moderate,Moderate,TOMST17_QHI,2025-06-24,3.356770833333333,2025,6,24,26,63.685546875,146.96744791666666,75.81705729166666
MOD1,Moderate,Moderate,TOMST17_QHI,2025-06-25,5.377604166666666,2025,6,25,26,64.87109375,152.34505208333334,77.46354166666666
MOD1,Moderate,Moderate,TOMST17_QHI,2025-06-26,5.55078125,2025,6,26,26,66.48502604166666,157.89583333333331,79.59895833333333
MOD1,Moderate,Moderate,TOMST17_QHI,2025-06-27,4.97265625,2025,6,27,26,67.951171875,162.87760416666666,81.57291666666666
MOD1,Moderate,Moderate,TOMST17_QHI,2025-06-28,10.563151041666666,2025,6,28,26,73.853515625,173.44075520833331,88.25520833333333
MOD1,Moderate,Moderate,TOMST17_QHI,2025-06-29,13.735026041666666,2025,6,29,26,82.58854166666667,187.17578125,97.99023437499999
MOD1,Moderate,Moderate,TOMST17_QHI,2025-06-30,9.571614583333334,2025,6,30,26,87.26236979166666,196.74739583333331,103.57682291666666
MOD1,Moderate,Moderate,TOMST17_QHI,2025-07-01,8.947916666666666,2025,7,1,27,91.28971354166667,205.69531249999997,108.52473958333333
MOD1,Moderate,Moderate,TOMST17_QHI,2025-07-02,9.927734375,2025,7,2,27,96.23502604166666,215.623046875,114.45247395833334
MOD1,Moderate,Moderate,TOMST17_QHI,2025-07-03,11.692057291666666,2025,7,3,27,102.92708333333334,227.31510416666666,122.14453125
MOD1,Moderate,Moderate,TOMST17_QHI,2025-07-04,14.041666666666666,2025,7,4,27,111.96875,241.35677083333331,132.18619791666666
MOD1,Moderate,Moderate,TOMST17_QHI,2025-07-05,18.578125,2025,7,5,27,125.54687499999999,259.9348958333333,146.76432291666666
MOD1,Moderate,Moderate,TOMST17_QHI,2025-07-06,17.59765625,2025,7,6,27,138.14453125,277.5325520833333,160.36197916666669
MOD1,Moderate,Moderate,TOMST17_QHI,2025-07-07,11.595052083333334,2025,7,7,27,144.7421875,289.1276041666667,167.95703125
MOD1,Moderate,Moderate,TOMST17_QHI,2025-07-08,2.7486979166666665,2025,7,8,28,144.7421875,291.8763020833333,167.97395833333331
MOD1,Moderate,Moderate,TOMST17_QHI,2025-07-09,4.320963541666667,2025,7,9,28,145.57161458333334,296.197265625,169.28255208333331
MOD1,Moderate,Moderate,TOMST17_QHI,2025-07-10,6.927083333333333,2025,7,10,28,147.978515625,303.1243489583333,172.47265625
MOD1,Moderate,Moderate,TOMST17_QHI,2025-07-11,5.3984375,2025,7,11,28,149.146484375,308.5227864583333,174.36393229166666
MOD1,Moderate,Moderate,TOMST17_QHI,2025-07-12,4.677734375,2025,7,12,28,151.04752604166666,313.4563802083333,176.806640625
MOD1,Moderate,Moderate,TOMST17_QHI,2025-07-13,7.919921875,2025,7,13,28,155.451171875,321.75455729166663,181.962890625
MOD1,Moderate,Moderate,TOMST17_QHI,2025-07-14,14.608072916666666,2025,7,14,28,165.05924479166666,336.3626302083333,192.57096354166669
MOD1,Moderate,Moderate,TOMST17_QHI,2025-07-15,11.994140625,2025,7,15,29,172.05338541666666,348.3567708333333,200.56510416666663
MOD1,Moderate,Moderate,TOMST17_QHI,2025-07-16,13.929036458333334,2025,7,16,29,180.982421875,362.28580729166663,210.49414062499997
MOD1,Moderate,Moderate,TOMST17_QHI,2025-07-17,10.450520833333334,2025,7,17,29,186.43294270833331,372.736328125,216.94466145833331
MOD1,Moderate,Moderate,TOMST17_QHI,2025-07-18,5.177083333333333,2025,7,18,29,186.94205729166666,377.9134114583333,218.150390625
MOD1,Moderate,Moderate,TOMST17_QHI,2025-07-19,7.161458333333333,2025,7,19,29,189.32682291666666,385.07486979166663,221.37239583333334
MOD1,Moderate,Moderate,TOMST17_QHI,2025-07-20,11.324869791666668,2025,7,20,29,195.65169270833331,396.3997395833333,228.697265625
MOD1,Moderate,Moderate,TOMST17_QHI,2025-07-21,12.788411458333334,2025,7,21,29,203.44010416666669,409.1881510416667,237.48567708333334
MOD1,Moderate,Moderate,TOMST17_QHI,2025-07-22,8.071614583333334,2025,7,22,30,206.51692708333331,417.259765625,241.55729166666663
MOD1,Moderate,Moderate,TOMST17_QHI,2025-07-23,5.848958333333333,2025,7,23,30,207.76041666666663,423.10872395833326,243.4921875
MOD1,Moderate,Moderate,TOMST17_QHI,2025-07-24,8.278645833333334,2025,7,24,30,211.22135416666669,431.38736979166663,247.77734374999997
MOD1,Moderate,Moderate,TOMST17_QHI,2025-07-25,7.580078125,2025,7,25,30,214.8046875,438.97330729166663,251.99739583333331
MOD1,Moderate,Moderate,TOMST17_QHI,2025-07-26,7.418619791666667,2025,7,26,30,217.501953125,446.3919270833333,255.44140624999997
MOD1,Moderate,Moderate,TOMST17_QHI,2025-07-27,11.768229166666666,2025,7,27,30,224.27018229166669,458.16015624999994,263.20963541666663
MOD1,Moderate,Moderate,TOMST17_QHI,2025-07-28,14.125,2025,7,28,30,233.39518229166663,472.28515625,273.33463541666663
MOD1,Moderate,Moderate,TOMST17_QHI,2025-07-29,11.759114583333334,2025,7,29,31,240.154296875,484.0442708333333,281.09375
MOD1,Moderate,Moderate,TOMST17_QHI,2025-07-30,5.390625,2025,7,30,31,240.951171875,489.4348958333333,282.5657552083333
MOD1,Moderate,Moderate,TOMST17_QHI,2025-07-31,8.916666666666666,2025,7,31,31,245.318359375,498.3515625,287.6451822916667
MOD1,Moderate,Moderate,TOMST17_QHI,2025-08-01,15.909505208333334,2025,8,1,31,256.31640625,514.2610677083333,299.5924479166667
MOD1,Moderate,Moderate,TOMST17_QHI,2025-08-02,15.259765625,2025,8,2,31,266.576171875,529.5208333333333,310.85221354166663
MOD1,Moderate,Moderate,TOMST17_QHI,2025-08-03,16.358723958333332,2025,8,3,31,277.9348958333333,545.8795572916666,323.2109375
MOD1,Moderate,Moderate,TOMST17_QHI,2025-08-04,8.698567708333334,2025,8,4,31,282.42578125,554.578125,328.314453125
MOD1,Moderate,Moderate,TOMST17_QHI,2025-08-05,5.305338541666667,2025,8,5,32,284.3287760416667,559.9895833333333,330.8098958333333
MOD1,Moderate,Moderate,TOMST17_QHI,2025-08-06,5.188802083333333,2025,8,6,32,285.3138020833333,565.1783854166666,332.2708333333333
MOD1,Moderate,Moderate,TOMST17_QHI,2025-08-07,5.484375,2025,8,7,32,287.380859375,570.6627604166666,334.80859375
MOD1,Moderate,Moderate,TOMST17_QHI,2025-08-08,NA,2025,8,8,32,NA,NA,NA
MOD2,Moderate,Moderate,TOMST7_QHI,2025-06-01,-0.11588541666666667,2025,6,1,22,0,0,0
MOD2,Moderate,Moderate,TOMST7_QHI,2025-06-02,-0.10286458333333333,2025,6,2,22,0,0,0
MOD2,Moderate,Moderate,TOMST7_QHI,2025-06-03,-0.10872395833333333,2025,6,3,23,0,0,0
MOD2,Moderate,Moderate,TOMST7_QHI,2025-06-04,-0.10546875,2025,6,4,23,0,0,0
MOD2,Moderate,Moderate,TOMST7_QHI,2025-06-05,-0.11197916666666667,2025,6,5,23,0,0,0
MOD2,Moderate,Moderate,TOMST7_QHI,2025-06-06,-0.09830729166666667,2025,6,6,23,0,0,0
MOD2,Moderate,Moderate,TOMST7_QHI,2025-06-07,-0.07421875,2025,6,7,23,0,0,0
MOD2,Moderate,Moderate,TOMST7_QHI,2025-06-08,-0.055989583333333336,2025,6,8,23,0,6.510416666666666e-4,0
MOD2,Moderate,Moderate,TOMST7_QHI,2025-06-09,0.05859375,2025,6,9,23,0,0.091796875,0
MOD2,Moderate,Moderate,TOMST7_QHI,2025-06-10,0.9296875,2025,6,10,24,0,1.0319010416666665,0
MOD2,Moderate,Moderate,TOMST7_QHI,2025-06-11,6.793619791666667,2025,6,11,24,2.953125,7.826171874999999,3.662109375
MOD2,Moderate,Moderate,TOMST7_QHI,2025-06-12,9.041015625,2025,6,12,24,7.795572916666666,16.8671875,9.258463541666666
MOD2,Moderate,Moderate,TOMST7_QHI,2025-06-13,9.736979166666666,2025,6,13,24,12.818359375,26.604166666666664,15.042968749999998
MOD2,Moderate,Moderate,TOMST7_QHI,2025-06-14,12.168619791666666,2025,6,14,24,20.444661458333332,38.77278645833333,23.482421875
MOD2,Moderate,Moderate,TOMST7_QHI,2025-06-15,11.408203125,2025,6,15,24,26.873697916666664,50.180989583333336,30.890625
MOD2,Moderate,Moderate,TOMST7_QHI,2025-06-16,10.346354166666666,2025,6,16,24,32.64192708333333,60.52734375,37.410807291666664
MOD2,Moderate,Moderate,TOMST7_QHI,2025-06-17,9.540364583333334,2025,6,17,25,37.697265625,70.06770833333334,43.281901041666664
MOD2,Moderate,Moderate,TOMST7_QHI,2025-06-18,6.727864583333333,2025,6,18,25,40.03515625,76.79557291666666,46.345052083333336
MOD2,Moderate,Moderate,TOMST7_QHI,2025-06-19,5.022786458333334,2025,6,19,25,41.736328125,81.908203125,48.610677083333336
MOD2,Moderate,Moderate,TOMST7_QHI,2025-06-20,10.619140625,2025,6,20,25,48.121744791666664,92.52734375,55.72786458333333
MOD2,Moderate,Moderate,TOMST7_QHI,2025-06-21,10.393880208333334,2025,6,21,25,53.51562499999999,102.92122395833334,62.12174479166667
MOD2,Moderate,Moderate,TOMST7_QHI,2025-06-22,7.37890625,2025,6,22,25,56.573567708333336,110.30013020833333,65.90494791666666
MOD2,Moderate,Moderate,TOMST7_QHI,2025-06-23,5.696614583333333,2025,6,23,25,58.20638020833333,115.99674479166666,68.150390625
MOD2,Moderate,Moderate,TOMST7_QHI,2025-06-24,4.287109375,2025,6,24,26,59.34700520833333,120.33138020833333,69.82552083333333
MOD2,Moderate,Moderate,TOMST7_QHI,2025-06-25,5.490234375,2025,6,25,26,60.54817708333333,125.82161458333333,71.5390625
MOD2,Moderate,Moderate,TOMST7_QHI,2025-06-26,6.139973958333333,2025,6,26,26,62.53125,131.96158854166669,74.12434895833333
MOD2,Moderate,Moderate,TOMST7_QHI,2025-06-27,5.475260416666667,2025,6,27,26,64.376953125,137.466796875,76.55078125
MOD2,Moderate,Moderate,TOMST7_QHI,2025-06-28,9.764322916666666,2025,6,28,26,69.42708333333333,147.23111979166669,82.38736979166666
MOD2,Moderate,Moderate,TOMST7_QHI,2025-06-29,12.694010416666666,2025,6,29,26,77.12630208333333,159.92513020833331,91.08138020833333
MOD2,Moderate,Moderate,TOMST7_QHI,2025-06-30,9.233072916666666,2025,6,30,26,81.68294270833333,169.158203125,96.47330729166666
MOD2,Moderate,Moderate,TOMST7_QHI,2025-07-01,9.173177083333334,2025,7,1,27,85.90559895833334,178.33138020833334,101.64648437499999
MOD2,Moderate,Moderate,TOMST7_QHI,2025-07-02,10.64453125,2025,7,2,27,91.55143229166666,188.97591145833331,108.29101562499999
MOD2,Moderate,Moderate,TOMST7_QHI,2025-07-03,11.569010416666668,2025,7,3,27,98.12044270833331,200.544921875,115.86002604166667
MOD2,Moderate,Moderate,TOMST7_QHI,2025-07-04,14.704427083333334,2025,7,4,27,107.82486979166666,215.24934895833334,126.564453125
MOD2,Moderate,Moderate,TOMST7_QHI,2025-07-05,17.263020833333332,2025,7,5,27,120.087890625,232.51236979166666,139.82747395833331
MOD2,Moderate,Moderate,TOMST7_QHI,2025-07-06,16.016276041666668,2025,7,6,27,131.10416666666666,248.52864583333331,151.84375
MOD2,Moderate,Moderate,TOMST7_QHI,2025-07-07,10.056640625,2025,7,7,27,136.16080729166666,258.58528645833337,157.900390625
MOD2,Moderate,Moderate,TOMST7_QHI,2025-07-08,2.8587239583333335,2025,7,8,28,136.16080729166666,261.44401041666663,157.92317708333334
MOD2,Moderate,Moderate,TOMST7_QHI,2025-07-09,4.454427083333333,2025,7,9,28,137.06184895833331,265.8984375,159.28971354166669
MOD2,Moderate,Moderate,TOMST7_QHI,2025-07-10,6.059244791666667,2025,7,10,28,138.70768229166666,271.95768229166663,161.64778645833331
MOD2,Moderate,Moderate,TOMST7_QHI,2025-07-11,5.35546875,2025,7,11,28,139.896484375,277.31315104166663,163.525390625
MOD2,Moderate,Moderate,TOMST7_QHI,2025-07-12,4.695963541666667,2025,7,12,28,141.75651041666666,282.23893229166663,165.93229166666666
MOD2,Moderate,Moderate,TOMST7_QHI,2025-07-13,7.28515625,2025,7,13,28,146.14518229166666,290.08984375,170.97721354166666
MOD2,Moderate,Moderate,TOMST7_QHI,2025-07-14,12.922526041666666,2025,7,14,28,154.06770833333334,303.01236979166663,179.89973958333331
MOD2,Moderate,Moderate,TOMST7_QHI,2025-07-15,11.122395833333334,2025,7,15,29,160.19010416666666,314.134765625,187.02213541666669
MOD2,Moderate,Moderate,TOMST7_QHI,2025-07-16,13.513020833333334,2025,7,16,29,168.703125,327.6477864583333,196.53515625
MOD2,Moderate,Moderate,TOMST7_QHI,2025-07-17,10.299479166666668,2025,7,17,29,174.00260416666669,337.947265625,202.83463541666666
MOD2,Moderate,Moderate,TOMST7_QHI,2025-07-18,5.688151041666666,2025,7,18,29,174.88671875,343.63541666666663,204.52473958333331
MOD2,Moderate,Moderate,TOMST7_QHI,2025-07-19,7.965494791666667,2025,7,19,29,178.07552083333331,351.6009114583333,208.54296875
MOD2,Moderate,Moderate,TOMST7_QHI,2025-07-20,11.838541666666666,2025,7,20,29,184.9140625,363.439453125,216.38151041666666
MOD2,Moderate,Moderate,TOMST7_QHI,2025-07-21,10.93359375,2025,7,21,29,190.84765625,374.373046875,223.31510416666669
MOD2,Moderate,Moderate,TOMST7_QHI,2025-07-22,8.358072916666666,2025,7,22,30,194.20572916666669,382.7311197916667,227.67317708333331
MOD2,Moderate,Moderate,TOMST7_QHI,2025-07-23,5.547526041666666,2025,7,23,30,195.09895833333334,388.2786458333333,229.26953125
MOD2,Moderate,Moderate,TOMST7_QHI,2025-07-24,8.80859375,2025,7,24,30,199.02213541666669,397.08723958333326,234.07812499999997
MOD2,Moderate,Moderate,TOMST7_QHI,2025-07-25,5.725260416666667,2025,7,25,30,200.845703125,402.8131510416667,236.46223958333331
MOD2,Moderate,Moderate,TOMST7_QHI,2025-07-26,8.086588541666666,2025,7,26,30,204.16145833333331,410.89973958333337,240.5546875
MOD2,Moderate,Moderate,TOMST7_QHI,2025-07-27,12.279296875,2025,7,27,30,211.44075520833334,423.17903645833326,248.833984375
MOD2,Moderate,Moderate,TOMST7_QHI,2025-07-28,12.177083333333334,2025,7,28,30,218.61783854166663,435.3561197916667,257.0110677083333
MOD2,Moderate,Moderate,TOMST7_QHI,2025-07-29,11.479166666666668,2025,7,29,31,225.09700520833331,446.83528645833337,264.490234375
MOD2,Moderate,Moderate,TOMST7_QHI,2025-07-30,5.459635416666666,2025,7,30,31,225.90104166666663,452.29492187499994,265.99088541666663
MOD2,Moderate,Moderate,TOMST7_QHI,2025-07-31,9.627604166666666,2025,7,31,31,230.876953125,461.9225260416667,271.6829427083333
MOD2,Moderate,Moderate,TOMST7_QHI,2025-08-01,13.958984375,2025,8,1,31,240.03059895833331,475.88151041666663,281.7376302083333
MOD2,Moderate,Moderate,TOMST7_QHI,2025-08-02,13.259114583333334,2025,8,2,31,248.28971354166663,489.140625,290.9967447916667
MOD2,Moderate,Moderate,TOMST7_QHI,2025-08-03,13.593098958333334,2025,8,3,31,256.8938802083333,502.73372395833337,300.58984375
MOD2,Moderate,Moderate,TOMST7_QHI,2025-08-04,8.877604166666666,2025,8,4,31,261.4837239583333,511.611328125,305.78971354166663
MOD2,Moderate,Moderate,TOMST7_QHI,2025-08-05,6.287109375,2025,8,5,32,264.23893229166663,517.9322916666667,309.16341145833337
MOD2,Moderate,Moderate,TOMST7_QHI,2025-08-06,4.733072916666666,2025,8,6,32,264.6809895833333,522.6653645833333,310.1145833333333
MOD2,Moderate,Moderate,TOMST7_QHI,2025-08-07,5.400390625,2025,8,7,32,266.431640625,528.0657552083333,312.35546875
MOD2,Moderate,Moderate,TOMST7_QHI,2025-08-08,8.428385416666666,2025,8,8,32,270.578125,536.494140625,317.146484375
MOD2,Moderate,Moderate,TOMST7_QHI,2025-08-09,10.614583333333334,2025,8,9,32,276.447265625,547.1087239583333,323.84114583333337
MOD2,Moderate,Moderate,TOMST7_QHI,2025-08-10,NA,2025,8,10,32,NA,NA,NA
WARM2,Warm,Warm,TOMST20_QHI,2025-06-01,-0.18098958333333334,2025,6,1,22,6.138671874999999,37.567057291666664,9.823567708333332
WARM2,Warm,Warm,TOMST20_QHI,2025-06-02,-1.0455729166666665,2025,6,2,22,6.138671874999999,38.520182291666664,9.82421875
WARM2,Warm,Warm,TOMST20_QHI,2025-06-03,-1.3463541666666665,2025,6,3,23,6.149088541666666,39.598307291666664,9.867187499999998
WARM2,Warm,Warm,TOMST20_QHI,2025-06-04,-0.8782552083333333,2025,6,4,23,6.152994791666666,40.375,9.885416666666664
WARM2,Warm,Warm,TOMST20_QHI,2025-06-05,0.51171875,2025,6,5,23,6.180989583333332,41.87239583333333,10.042968749999998
WARM2,Warm,Warm,TOMST20_QHI,2025-06-06,3.4283854166666665,2025,6,6,23,7.723958333333333,45.897135416666664,11.994791666666664
WARM2,Warm,Warm,TOMST20_QHI,2025-06-07,4.194010416666667,2025,6,7,23,9.541666666666666,50.47916666666667,14.240885416666666
WARM2,Warm,Warm,TOMST20_QHI,2025-06-08,4.176432291666667,2025,6,8,23,10.793619791666664,54.65559895833333,15.884114583333332
WARM2,Warm,Warm,TOMST20_QHI,2025-06-09,4.281901041666667,2025,6,9,23,12.203776041666668,58.986328125,17.791666666666664
WARM2,Warm,Warm,TOMST20_QHI,2025-06-10,8.703776041666666,2025,6,10,24,17.569661458333332,68.107421875,23.863281249999996
WARM2,Warm,Warm,TOMST20_QHI,2025-06-11,11.352864583333334,2025,6,11,24,24.491536458333332,79.46028645833333,31.574218749999996
WARM2,Warm,Warm,TOMST20_QHI,2025-06-12,11.297526041666666,2025,6,12,24,31.2421875,90.7578125,39.10286458333333
WARM2,Warm,Warm,TOMST20_QHI,2025-06-13,12.513671875,2025,6,13,24,38.922526041666664,103.271484375,47.61653645833333
WARM2,Warm,Warm,TOMST20_QHI,2025-06-14,14.984375,2025,6,14,24,49.070963541666664,118.255859375,58.63216145833333
WARM2,Warm,Warm,TOMST20_QHI,2025-06-15,11.054036458333334,2025,6,15,24,55.135416666666664,129.30989583333331,65.68619791666666
WARM2,Warm,Warm,TOMST20_QHI,2025-06-16,9.190104166666666,2025,6,16,24,59.981119791666664,138.5,71.216796875
WARM2,Warm,Warm,TOMST20_QHI,2025-06-17,9.923177083333334,2025,6,17,25,65.33138020833333,148.42317708333331,77.41341145833333
WARM2,Warm,Warm,TOMST20_QHI,2025-06-18,7.32421875,2025,6,18,25,68.32096354166667,155.74739583333331,81.07552083333333
WARM2,Warm,Warm,TOMST20_QHI,2025-06-19,5.305989583333333,2025,6,19,25,70.48177083333333,161.216796875,83.77278645833334
WARM2,Warm,Warm,TOMST20_QHI,2025-06-20,10.494140625,2025,6,20,25,76.79427083333334,171.7109375,90.81575520833334
WARM2,Warm,Warm,TOMST20_QHI,2025-06-21,10.717447916666668,2025,6,21,25,82.51171875,182.42838541666666,97.533203125
WARM2,Warm,Warm,TOMST20_QHI,2025-06-22,7.831380208333334,2025,6,22,25,86.08138020833334,190.25976562499997,101.810546875
WARM2,Warm,Warm,TOMST20_QHI,2025-06-23,6.166015625,2025,6,23,25,88.40755208333334,196.42578124999997,104.72005208333334
WARM2,Warm,Warm,TOMST20_QHI,2025-06-24,3.9713541666666665,2025,6,24,26,89.294921875,200.47981770833331,106.12565104166666
WARM2,Warm,Warm,TOMST20_QHI,2025-06-25,5.73828125,2025,6,25,26,90.83528645833333,206.21809895833331,108.16927083333331
WARM2,Warm,Warm,TOMST20_QHI,2025-06-26,6.895833333333333,2025,6,26,26,93.6328125,213.11393229166669,111.537109375
WARM2,Warm,Warm,TOMST20_QHI,2025-06-27,6.266276041666667,2025,6,27,26,96.24479166666666,219.38932291666669,114.74934895833331
WARM2,Warm,Warm,TOMST20_QHI,2025-06-28,10.73828125,2025,6,28,26,102.31640625,230.12760416666666,121.59765625
WARM2,Warm,Warm,TOMST20_QHI,2025-06-29,13.9140625,2025,6,29,26,111.23697916666667,244.04166666666663,131.51171875
WARM2,Warm,Warm,TOMST20_QHI,2025-06-30,10.125651041666666,2025,6,30,26,116.62630208333334,254.16731770833331,137.75
WARM2,Warm,Warm,TOMST20_QHI,2025-07-01,10.03515625,2025,7,1,27,121.724609375,264.2024739583333,143.78515625
WARM2,Warm,Warm,TOMST20_QHI,2025-07-02,10.738932291666666,2025,7,2,27,127.47591145833331,274.94140625,150.52408854166669
WARM2,Warm,Warm,TOMST20_QHI,2025-07-03,11.856119791666666,2025,7,3,27,134.33203125,286.79752604166663,158.38020833333334
WARM2,Warm,Warm,TOMST20_QHI,2025-07-04,13.844401041666666,2025,7,4,27,143.17643229166669,300.6419270833333,168.224609375
WARM2,Warm,Warm,TOMST20_QHI,2025-07-05,18.944010416666668,2025,7,5,27,157.12044270833334,319.5859375,183.16861979166666
WARM2,Warm,Warm,TOMST20_QHI,2025-07-06,17.466796875,2025,7,6,27,169.58723958333331,337.052734375,196.63541666666666
WARM2,Warm,Warm,TOMST20_QHI,2025-07-07,11.643880208333334,2025,7,7,27,176.23372395833334,348.6966145833333,204.279296875
WARM2,Warm,Warm,TOMST20_QHI,2025-07-08,2.6276041666666665,2025,7,8,28,176.23372395833334,351.32421875,204.29166666666663
WARM2,Warm,Warm,TOMST20_QHI,2025-07-09,4.7421875,2025,7,9,28,177.53515625,356.06640625,206.07682291666669
WARM2,Warm,Warm,TOMST20_QHI,2025-07-10,6.512369791666667,2025,7,10,28,179.63736979166666,362.57877604166663,208.921875
WARM2,Warm,Warm,TOMST20_QHI,2025-07-11,5.466796875,2025,7,11,28,180.94140625,368.0462239583333,210.91927083333334
WARM2,Warm,Warm,TOMST20_QHI,2025-07-12,5.592447916666667,2025,7,12,28,183.63216145833331,373.93424479166663,214.17708333333334
WARM2,Warm,Warm,TOMST20_QHI,2025-07-13,7.677083333333334,2025,7,13,28,188.22591145833331,382.1966145833333,219.484375
WARM2,Warm,Warm,TOMST20_QHI,2025-07-14,14.095052083333334,2025,7,14,28,197.32096354166666,396.2916666666667,229.57942708333331
WARM2,Warm,Warm,TOMST20_QHI,2025-07-15,11.866536458333334,2025,7,15,29,204.1875,408.158203125,237.44596354166666
WARM2,Warm,Warm,TOMST20_QHI,2025-07-16,13.893880208333334,2025,7,16,29,213.08138020833334,422.0520833333333,247.33984375
WARM2,Warm,Warm,TOMST20_QHI,2025-07-17,10.439453125,2025,7,17,29,218.52083333333331,432.49153645833337,253.779296875
WARM2,Warm,Warm,TOMST20_QHI,2025-07-18,5.348307291666666,2025,7,18,29,219.14583333333334,437.83984374999994,255.140625
WARM2,Warm,Warm,TOMST20_QHI,2025-07-19,7.309244791666667,2025,7,19,29,221.68880208333334,445.14908854166663,258.51497395833337
WARM2,Warm,Warm,TOMST20_QHI,2025-07-20,11.604817708333334,2025,7,20,29,228.29361979166666,456.75390624999994,266.11979166666663
WARM2,Warm,Warm,TOMST20_QHI,2025-07-21,11.578125,2025,7,21,29,234.87174479166663,468.33203124999994,273.69791666666663
WARM2,Warm,Warm,TOMST20_QHI,2025-07-22,8.313151041666666,2025,7,22,30,238.18489583333331,476.64518229166663,278.0110677083333
WARM2,Warm,Warm,TOMST20_QHI,2025-07-23,5.962239583333333,2025,7,23,30,239.47526041666669,482.607421875,280.0091145833333
WARM2,Warm,Warm,TOMST20_QHI,2025-07-24,9.095703125,2025,7,24,30,243.73046875,491.703125,285.10481770833337
WARM2,Warm,Warm,TOMST20_QHI,2025-07-25,6.947916666666667,2025,7,25,30,246.57747395833331,498.65104166666663,288.5423177083333
WARM2,Warm,Warm,TOMST20_QHI,2025-07-26,7.877604166666667,2025,7,26,30,249.740234375,506.52864583333326,292.4498697916667
WARM2,Warm,Warm,TOMST20_QHI,2025-07-27,12.298828125,2025,7,27,30,257.0390625,518.8274739583333,300.74869791666663
WARM2,Warm,Warm,TOMST20_QHI,2025-07-28,13.406901041666666,2025,7,28,30,265.44596354166663,532.234375,310.1555989583333
WARM2,Warm,Warm,TOMST20_QHI,2025-07-29,12.0078125,2025,7,29,31,272.45377604166663,544.2421875,318.16341145833337
WARM2,Warm,Warm,TOMST20_QHI,2025-07-30,5.539713541666666,2025,7,30,31,273.3665364583333,549.7819010416666,319.765625
WARM2,Warm,Warm,TOMST20_QHI,2025-07-31,9.9609375,2025,7,31,31,278.71223958333337,559.7428385416666,325.82682291666663
WARM2,Warm,Warm,TOMST20_QHI,2025-08-01,15.819010416666666,2025,8,1,31,289.64583333333337,575.5618489583333,337.6946614583333
WARM2,Warm,Warm,TOMST20_QHI,2025-08-02,15.445963541666666,2025,8,2,31,300.091796875,591.0078125,349.140625
WARM2,Warm,Warm,TOMST20_QHI,2025-08-03,15.92578125,2025,8,3,31,311.017578125,606.93359375,361.06640625
WARM2,Warm,Warm,TOMST20_QHI,2025-08-04,8.990234375,2025,8,4,31,315.7180989583333,615.923828125,366.37955729166663
WARM2,Warm,Warm,TOMST20_QHI,2025-08-05,6.386067708333333,2025,8,5,32,318.521484375,622.376953125,369.83658854166663
WARM2,Warm,Warm,TOMST20_QHI,2025-08-06,5.29296875,2025,8,6,32,319.5247395833333,627.669921875,371.3782552083333
WARM2,Warm,Warm,TOMST20_QHI,2025-08-07,5.811848958333333,2025,8,7,32,321.6927083333333,633.4817708333333,374.0559895833333
WARM2,Warm,Warm,TOMST20_QHI,2025-08-08,8.770833333333334,2025,8,8,32,326.0169270833333,642.2526041666666,379.08463541666663
WARM2,Warm,Warm,TOMST20_QHI,2025-08-09,10.618489583333334,2025,8,9,32,331.6490885416667,652.87109375,385.703125
WARM2,Warm,Warm,TOMST20_QHI,2025-08-10,NA,2025,8,10,32,NA,NA,NA
MOD3,Moderate,Moderate,TOMST33_QHI,2025-06-01,1.7766927083333333,2025,6,1,22,0.01367187499999999,6.606770833333332,0.10091145833333326
MOD3,Moderate,Moderate,TOMST33_QHI,2025-06-02,1.8053385416666665,2025,6,2,22,0.025390624999999962,8.625651041666666,0.3085937499999998
MOD3,Moderate,Moderate,TOMST33_QHI,2025-06-03,1.1126302083333333,2025,6,3,23,0.025390624999999962,10.300130208333332,0.391927083333333
MOD3,Moderate,Moderate,TOMST33_QHI,2025-06-04,0.9915364583333333,2025,6,4,23,0.025390624999999962,11.817708333333332,0.39908854166666635
MOD3,Moderate,Moderate,TOMST33_QHI,2025-06-05,1.4778645833333333,2025,6,5,23,0.025390624999999962,13.37109375,0.40429687499999967
MOD3,Moderate,Moderate,TOMST33_QHI,2025-06-06,2.4850260416666665,2025,6,6,23,0.3177083333333332,15.926432291666664,0.9667968749999996
MOD3,Moderate,Moderate,TOMST33_QHI,2025-06-07,2.365234375,2025,6,7,23,0.7734374999999997,18.53515625,1.6738281249999996
MOD3,Moderate,Moderate,TOMST33_QHI,2025-06-08,2.788411458333333,2025,6,8,23,1.1666666666666663,21.360677083333332,2.378906249999999
MOD3,Moderate,Moderate,TOMST33_QHI,2025-06-09,2.8697916666666665,2025,6,9,23,1.4192708333333328,24.345052083333332,3.018880208333332
MOD3,Moderate,Moderate,TOMST33_QHI,2025-06-10,7.965494791666667,2025,6,10,24,5.532552083333333,32.408854166666664,7.850911458333332
MOD3,Moderate,Moderate,TOMST33_QHI,2025-06-11,10.354817708333334,2025,6,11,24,11.289713541666666,42.763671875,14.454427083333332
MOD3,Moderate,Moderate,TOMST33_QHI,2025-06-12,9.83984375,2025,6,12,24,16.251953125,52.603515625,20.3046875
MOD3,Moderate,Moderate,TOMST33_QHI,2025-06-13,11.301432291666666,2025,6,13,24,22.9453125,63.90494791666666,27.756510416666668
MOD3,Moderate,Moderate,TOMST33_QHI,2025-06-14,15.278645833333334,2025,6,14,24,33.224609375,79.18359374999999,39.03515625
MOD3,Moderate,Moderate,TOMST33_QHI,2025-06-15,9.443359375,2025,6,15,24,37.67708333333333,88.626953125,44.478515625
MOD3,Moderate,Moderate,TOMST33_QHI,2025-06-16,8.004557291666666,2025,6,16,24,41.09765625,96.63151041666666,48.634114583333336
MOD3,Moderate,Moderate,TOMST33_QHI,2025-06-17,8.457682291666666,2025,6,17,25,44.756510416666664,105.08919270833334,53.145833333333336
MOD3,Moderate,Moderate,TOMST33_QHI,2025-06-18,5.311848958333333,2025,6,18,25,45.93815104166667,110.40104166666666,54.923828125
MOD3,Moderate,Moderate,TOMST33_QHI,2025-06-19,3.8873697916666665,2025,6,19,25,46.609375,114.37630208333334,56.052083333333336
MOD3,Moderate,Moderate,TOMST33_QHI,2025-06-20,8.861328125,2025,6,20,25,51.15299479166667,123.23763020833333,61.35677083333333
MOD3,Moderate,Moderate,TOMST33_QHI,2025-06-21,9.636067708333334,2025,6,21,25,55.7890625,132.87369791666666,66.99283854166666
MOD3,Moderate,Moderate,TOMST33_QHI,2025-06-22,6.049479166666667,2025,6,22,25,57.72395833333333,138.92317708333331,69.54622395833333
MOD3,Moderate,Moderate,TOMST33_QHI,2025-06-23,4.533203125,2025,6,23,25,58.574869791666664,143.45638020833331,70.92838541666667
MOD3,Moderate,Moderate,TOMST33_QHI,2025-06-24,2.288411458333333,2025,6,24,26,58.6015625,145.91015625,71.11197916666666
MOD3,Moderate,Moderate,TOMST33_QHI,2025-06-25,4.529947916666667,2025,6,25,26,59.427734375,150.44010416666666,72.291015625
MOD3,Moderate,Moderate,TOMST33_QHI,2025-06-26,4.631510416666667,2025,6,26,26,60.38020833333333,155.07161458333331,73.71809895833333
MOD3,Moderate,Moderate,TOMST33_QHI,2025-06-27,4.583333333333333,2025,6,27,26,61.583333333333336,159.65494791666666,75.38736979166667
MOD3,Moderate,Moderate,TOMST33_QHI,2025-06-28,9.485677083333334,2025,6,28,26,66.57291666666666,169.140625,81.1171875
MOD3,Moderate,Moderate,TOMST33_QHI,2025-06-29,12.3359375,2025,6,29,26,73.90885416666666,181.4765625,89.453125
MOD3,Moderate,Moderate,TOMST33_QHI,2025-06-30,8.444010416666666,2025,6,30,26,77.42643229166667,189.92057291666666,93.912109375
MOD3,Moderate,Moderate,TOMST33_QHI,2025-07-01,7.944010416666667,2025,7,1,27,80.51106770833333,197.86458333333334,97.86197916666666
MOD3,Moderate,Moderate,TOMST33_QHI,2025-07-02,8.4921875,2025,7,2,27,84.12109375,206.35677083333331,102.35416666666667
MOD3,Moderate,Moderate,TOMST33_QHI,2025-07-03,10.371744791666668,2025,7,3,27,89.49283854166667,216.72851562499997,108.72591145833331
MOD3,Moderate,Moderate,TOMST33_QHI,2025-07-04,13.291666666666666,2025,7,4,27,97.78450520833333,230.02018229166663,118.01757812499999
MOD3,Moderate,Moderate,TOMST33_QHI,2025-07-05,17.942708333333332,2025,7,5,27,110.72721354166667,247.962890625,131.96028645833334
MOD3,Moderate,Moderate,TOMST33_QHI,2025-07-06,17.213541666666668,2025,7,6,27,122.94075520833331,265.17643229166663,145.173828125
MOD3,Moderate,Moderate,TOMST33_QHI,2025-07-07,10.953125,2025,7,7,27,128.90234375,276.12955729166663,152.126953125
MOD3,Moderate,Moderate,TOMST33_QHI,2025-07-08,2.313802083333333,2025,7,8,28,128.90234375,278.443359375,152.130859375
MOD3,Moderate,Moderate,TOMST33_QHI,2025-07-09,3.958333333333333,2025,7,9,28,129.53776041666666,282.4016927083333,153.20572916666666
MOD3,Moderate,Moderate,TOMST33_QHI,2025-07-10,6.274739583333333,2025,7,10,28,131.39453125,288.6764322916667,155.80729166666666
MOD3,Moderate,Moderate,TOMST33_QHI,2025-07-11,4.792317708333333,2025,7,11,28,132.23697916666669,293.484375,157.30794270833334
MOD3,Moderate,Moderate,TOMST33_QHI,2025-07-12,4.1484375,2025,7,12,28,133.580078125,297.95377604166663,159.193359375
MOD3,Moderate,Moderate,TOMST33_QHI,2025-07-13,7.14453125,2025,7,13,28,137.36002604166666,305.6686197916667,163.744140625
MOD3,Moderate,Moderate,TOMST33_QHI,2025-07-14,14.390625,2025,7,14,28,146.75065104166669,320.0592447916667,174.134765625
MOD3,Moderate,Moderate,TOMST33_QHI,2025-07-15,11.490234375,2025,7,15,29,153.24088541666666,331.5494791666667,181.625
MOD3,Moderate,Moderate,TOMST33_QHI,2025-07-16,14.083984375,2025,7,16,29,162.32486979166669,345.63346354166663,191.708984375
MOD3,Moderate,Moderate,TOMST33_QHI,2025-07-17,9.516927083333334,2025,7,17,29,166.841796875,355.150390625,197.22591145833334
MOD3,Moderate,Moderate,TOMST33_QHI,2025-07-18,4.527994791666666,2025,7,18,29,166.95247395833334,359.67838541666663,197.84244791666666
MOD3,Moderate,Moderate,TOMST33_QHI,2025-07-19,6.587239583333333,2025,7,19,29,168.81380208333331,366.265625,200.50846354166666
MOD3,Moderate,Moderate,TOMST33_QHI,2025-07-20,10.453125,2025,7,20,29,174.26692708333331,376.71875,206.96158854166669
MOD3,Moderate,Moderate,TOMST33_QHI,2025-07-21,11.569010416666666,2025,7,21,29,180.8359375,388.2877604166667,214.53059895833331
MOD3,Moderate,Moderate,TOMST33_QHI,2025-07-22,8.061848958333334,2025,7,22,30,183.89778645833334,396.34960937499994,218.59244791666669
MOD3,Moderate,Moderate,TOMST33_QHI,2025-07-23,5.263671875,2025,7,23,30,184.69205729166666,401.61328125,219.96223958333331
MOD3,Moderate,Moderate,TOMST33_QHI,2025-07-24,7.71484375,2025,7,24,30,187.67317708333331,409.32812499999994,223.68229166666666
MOD3,Moderate,Moderate,TOMST33_QHI,2025-07-25,7.404296875,2025,7,25,30,190.75130208333331,416.732421875,227.3828125
MOD3,Moderate,Moderate,TOMST33_QHI,2025-07-26,7.05078125,2025,7,26,30,193.16927083333331,423.78320312499994,230.50976562499997
MOD3,Moderate,Moderate,TOMST33_QHI,2025-07-27,11.516276041666668,2025,7,27,30,199.685546875,435.29947916666663,238.02604166666666
MOD3,Moderate,Moderate,TOMST33_QHI,2025-07-28,13.340494791666666,2025,7,28,30,208.02604166666666,448.63997395833337,247.36653645833331
MOD3,Moderate,Moderate,TOMST33_QHI,2025-07-29,11.250651041666668,2025,7,29,31,214.27669270833334,459.890625,254.6171875
MOD3,Moderate,Moderate,TOMST33_QHI,2025-07-30,5.046875,2025,7,30,31,214.92057291666663,464.9375,255.81510416666666
MOD3,Moderate,Moderate,TOMST33_QHI,2025-07-31,8.395182291666666,2025,7,31,31,218.8046875,473.33268229166663,260.40234375
MOD3,Moderate,Moderate,TOMST33_QHI,2025-08-01,16.171875,2025,8,1,31,229.9765625,489.50455729166663,272.57421875
MOD3,Moderate,Moderate,TOMST33_QHI,2025-08-02,14.951822916666668,2025,8,2,31,239.92838541666663,504.45638020833337,283.5260416666667
MOD3,Moderate,Moderate,TOMST33_QHI,2025-08-03,16.352213541666668,2025,8,3,31,251.28515625,520.80859375,295.8782552083333
MOD3,Moderate,Moderate,TOMST33_QHI,2025-08-04,8.663411458333334,2025,8,4,31,255.90299479166666,529.4720052083333,301.0865885416667
MOD3,Moderate,Moderate,TOMST33_QHI,2025-08-05,5.11328125,2025,8,5,32,257.58984375,534.6783854166667,303.3600260416667
MOD3,Moderate,Moderate,TOMST33_QHI,2025-08-06,4.522135416666666,2025,8,6,32,258.14583333333337,539.2005208333333,304.31770833333337
MOD3,Moderate,Moderate,TOMST33_QHI,2025-08-07,4.462239583333333,2025,8,7,32,259.3489583333333,543.6627604166666,305.96940104166663
MOD3,Moderate,Moderate,TOMST33_QHI,2025-08-08,8.413411458333334,2025,8,8,32,263.35416666666663,552.076171875,310.728515625
MOD3,Moderate,Moderate,TOMST33_QHI,2025-08-09,10.966145833333334,2025,8,9,32,269.33658854166663,563.0423177083333,317.69466145833337
MOD3,Moderate,Moderate,TOMST33_QHI,2025-08-10,6.874348958333333,2025,8,10,32,271.23502604166663,569.9166666666667,320.5690104166667
MOD3,Moderate,Moderate,TOMST33_QHI,2025-08-11,NA,2025,8,11,32,NA,NA,NA
BEEBOX,Warm,BEEBOX,TOMST39_QHI,2025-06-01,0.43229166666666663,2025,6,1,22,4.174479166666666,34.678385416666664,7.170572916666666
BEEBOX,Warm,BEEBOX,TOMST39_QHI,2025-06-02,-0.43945312500000006,2025,6,2,22,4.180989583333332,35.990234375,7.238932291666666
BEEBOX,Warm,BEEBOX,TOMST39_QHI,2025-06-03,-1.2454427083333333,2025,6,3,23,4.180989583333332,37.03255208333333,7.251953124999999
BEEBOX,Warm,BEEBOX,TOMST39_QHI,2025-06-04,-0.5625,2025,6,4,23,4.19140625,38.031901041666664,7.299479166666666
BEEBOX,Warm,BEEBOX,TOMST39_QHI,2025-06-05,0.9628906249999999,2025,6,5,23,4.236328124999999,39.83919270833333,7.538411458333332
BEEBOX,Warm,BEEBOX,TOMST39_QHI,2025-06-06,3.59375,2025,6,6,23,5.837239583333332,43.96289062499999,9.546874999999998
BEEBOX,Warm,BEEBOX,TOMST39_QHI,2025-06-07,4.374348958333333,2025,6,7,23,7.718098958333333,48.707682291666664,11.843749999999998
BEEBOX,Warm,BEEBOX,TOMST39_QHI,2025-06-08,4.806640625,2025,6,8,23,9.398437499999998,53.51432291666666,13.929687499999998
BEEBOX,Warm,BEEBOX,TOMST39_QHI,2025-06-09,4.477864583333333,2025,6,9,23,10.793619791666666,58.012369791666664,15.820312499999996
BEEBOX,Warm,BEEBOX,TOMST39_QHI,2025-06-10,9.609375,2025,6,10,24,17.005859375,68.125,22.784505208333332
BEEBOX,Warm,BEEBOX,TOMST39_QHI,2025-06-11,12.492838541666666,2025,6,11,24,25.200520833333332,80.62239583333333,31.77083333333333
BEEBOX,Warm,BEEBOX,TOMST39_QHI,2025-06-12,11.794921875,2025,6,12,24,32.779947916666664,92.41731770833333,40.14192708333333
BEEBOX,Warm,BEEBOX,TOMST39_QHI,2025-06-13,12.210286458333334,2025,6,13,24,40.168619791666664,104.62760416666666,48.36979166666667
BEEBOX,Warm,BEEBOX,TOMST39_QHI,2025-06-14,14.983723958333334,2025,6,14,24,50.85611979166666,119.61132812499999,59.86588541666667
BEEBOX,Warm,BEEBOX,TOMST39_QHI,2025-06-15,11.849609375,2025,6,15,24,57.73307291666667,131.4609375,67.71549479166666
BEEBOX,Warm,BEEBOX,TOMST39_QHI,2025-06-16,9.628255208333334,2025,6,16,24,63.00846354166666,141.08919270833331,73.73828125
BEEBOX,Warm,BEEBOX,TOMST39_QHI,2025-06-17,10.813151041666666,2025,6,17,25,69.42513020833333,151.90234375,80.95703125
BEEBOX,Warm,BEEBOX,TOMST39_QHI,2025-06-18,7.828125,2025,6,18,25,73.04557291666666,159.73046875,85.28255208333333
BEEBOX,Warm,BEEBOX,TOMST39_QHI,2025-06-19,5.674479166666667,2025,6,19,25,75.14192708333333,165.4609375,87.95833333333333
BEEBOX,Warm,BEEBOX,TOMST39_QHI,2025-06-20,10.673177083333334,2025,6,20,25,81.517578125,176.13411458333331,95.099609375
BEEBOX,Warm,BEEBOX,TOMST39_QHI,2025-06-21,10.104817708333334,2025,6,21,25,86.64127604166666,186.23893229166666,101.20442708333334
BEEBOX,Warm,BEEBOX,TOMST39_QHI,2025-06-22,8.783203125,2025,6,22,25,91.14518229166666,195.02213541666663,106.43684895833334
BEEBOX,Warm,BEEBOX,TOMST39_QHI,2025-06-23,6.317708333333333,2025,6,23,25,93.42578125,201.33984375,109.35807291666666
BEEBOX,Warm,BEEBOX,TOMST39_QHI,2025-06-24,4.15625,2025,6,24,26,94.25,205.54427083333331,110.78645833333333
BEEBOX,Warm,BEEBOX,TOMST39_QHI,2025-06-25,6.297526041666667,2025,6,25,26,96.17382812499999,211.84179687499997,113.255859375
BEEBOX,Warm,BEEBOX,TOMST39_QHI,2025-06-26,7.203125,2025,6,26,26,99.14388020833333,219.044921875,116.82096354166667
BEEBOX,Warm,BEEBOX,TOMST39_QHI,2025-06-27,6.603515625,2025,6,27,26,102.04427083333333,225.66536458333331,120.37630208333334
BEEBOX,Warm,BEEBOX,TOMST39_QHI,2025-06-28,11.210286458333334,2025,6,28,26,108.580078125,236.87565104166663,127.69986979166666
BEEBOX,Warm,BEEBOX,TOMST39_QHI,2025-06-29,14.015625,2025,6,29,26,117.80729166666666,250.89127604166663,137.78190104166666
BEEBOX,Warm,BEEBOX,TOMST39_QHI,2025-06-30,10.704427083333334,2025,6,30,26,123.95182291666667,261.595703125,144.755859375
BEEBOX,Warm,BEEBOX,TOMST39_QHI,2025-07-01,10.404296875,2025,7,1,27,129.42838541666666,272,151.17252604166666
BEEBOX,Warm,BEEBOX,TOMST39_QHI,2025-07-02,9.529296875,2025,7,2,27,133.97330729166666,281.529296875,156.70182291666666
BEEBOX,Warm,BEEBOX,TOMST39_QHI,2025-07-03,11.1484375,2025,7,3,27,140.12174479166666,292.677734375,163.85026041666666
BEEBOX,Warm,BEEBOX,TOMST39_QHI,2025-07-04,13.190104166666668,2025,7,4,27,148.31184895833331,305.86783854166663,173.04036458333334
BEEBOX,Warm,BEEBOX,TOMST39_QHI,2025-07-05,20.026692708333332,2025,7,5,27,163.33854166666666,325.89453125,189.06705729166669
BEEBOX,Warm,BEEBOX,TOMST39_QHI,2025-07-06,18.763671875,2025,7,6,27,177.10221354166666,344.658203125,203.83072916666666
BEEBOX,Warm,BEEBOX,TOMST39_QHI,2025-07-07,13.305989583333334,2025,7,7,27,185.408203125,357.9641927083333,213.13671875
BEEBOX,Warm,BEEBOX,TOMST39_QHI,2025-07-08,3.4205729166666665,2025,7,8,28,185.45052083333334,361.384765625,213.37825520833331
BEEBOX,Warm,BEEBOX,TOMST39_QHI,2025-07-09,5.475911458333333,2025,7,9,28,187.16080729166666,366.8606770833333,215.70182291666666
BEEBOX,Warm,BEEBOX,TOMST39_QHI,2025-07-10,7.692708333333333,2025,7,10,28,190.314453125,374.55338541666663,219.63671875
BEEBOX,Warm,BEEBOX,TOMST39_QHI,2025-07-11,6.23828125,2025,7,11,28,192.15429687499997,380.79166666666663,222.26106770833331
BEEBOX,Warm,BEEBOX,TOMST39_QHI,2025-07-12,6.451171875,2025,7,12,28,195.71940104166663,387.54882812499994,226.412109375
BEEBOX,Warm,BEEBOX,TOMST39_QHI,2025-07-13,7.96484375,2025,7,13,28,200.51692708333331,396.13997395833337,231.95768229166669
BEEBOX,Warm,BEEBOX,TOMST39_QHI,2025-07-14,14.363932291666666,2025,7,14,28,209.880859375,410.50390625,242.32161458333331
BEEBOX,Warm,BEEBOX,TOMST39_QHI,2025-07-15,12.633463541666666,2025,7,15,29,217.5234375,423.13736979166663,250.955078125
BEEBOX,Warm,BEEBOX,TOMST39_QHI,2025-07-16,14.624348958333334,2025,7,16,29,227.14778645833331,437.76171875,261.57942708333337
BEEBOX,Warm,BEEBOX,TOMST39_QHI,2025-07-17,11.608723958333334,2025,7,17,29,233.75651041666669,449.37044270833326,269.1881510416667
BEEBOX,Warm,BEEBOX,TOMST39_QHI,2025-07-18,5.483723958333333,2025,7,18,29,234.45442708333331,454.85416666666663,270.67578125
BEEBOX,Warm,BEEBOX,TOMST39_QHI,2025-07-19,7.662109375,2025,7,19,29,237.302734375,462.51627604166663,274.37630208333337
BEEBOX,Warm,BEEBOX,TOMST39_QHI,2025-07-20,11.357421875,2025,7,20,29,243.66015625,473.87369791666663,281.7337239583333
BEEBOX,Warm,BEEBOX,TOMST39_QHI,2025-07-21,12.12109375,2025,7,21,29,250.78125,485.99479166666663,289.8548177083333
BEEBOX,Warm,BEEBOX,TOMST39_QHI,2025-07-22,8.68359375,2025,7,22,30,254.46484375,494.67838541666663,294.53841145833337
BEEBOX,Warm,BEEBOX,TOMST39_QHI,2025-07-23,6.986328125,2025,7,23,30,256.7180989583333,501.66471354166663,297.5709635416667
BEEBOX,Warm,BEEBOX,TOMST39_QHI,2025-07-24,9.615234375,2025,7,24,30,261.4934895833333,511.27994791666663,303.21158854166663
BEEBOX,Warm,BEEBOX,TOMST39_QHI,2025-07-25,8.7578125,2025,7,25,30,266.19140625,520.0442708333333,308.5690104166667
BEEBOX,Warm,BEEBOX,TOMST39_QHI,2025-07-26,8.188151041666666,2025,7,26,30,269.6204427083333,528.232421875,312.7760416666667
BEEBOX,Warm,BEEBOX,TOMST39_QHI,2025-07-27,12.1015625,2025,7,27,30,276.7220052083333,540.333984375,320.87760416666663
BEEBOX,Warm,BEEBOX,TOMST39_QHI,2025-07-28,14.456380208333334,2025,7,28,30,286.17838541666663,554.7903645833333,331.333984375
BEEBOX,Warm,BEEBOX,TOMST39_QHI,2025-07-29,12.576171875,2025,7,29,31,293.75455729166663,567.3665364583333,339.91015625
BEEBOX,Warm,BEEBOX,TOMST39_QHI,2025-07-30,5.890625,2025,7,30,31,294.8723958333333,573.2571614583333,341.82356770833337
BEEBOX,Warm,BEEBOX,TOMST39_QHI,2025-07-31,9.839192708333334,2025,7,31,31,300.06901041666663,583.0963541666666,347.755859375
BEEBOX,Warm,BEEBOX,TOMST39_QHI,2025-08-01,16.084635416666668,2025,8,1,31,311.57682291666663,599.1809895833333,360.1302083333333
BEEBOX,Warm,BEEBOX,TOMST39_QHI,2025-08-02,15.994140625,2025,8,2,31,322.580078125,615.1751302083333,372.1243489583333
BEEBOX,Warm,BEEBOX,TOMST39_QHI,2025-08-03,16.538411458333332,2025,8,3,31,334.1985677083333,631.7135416666666,384.6640625
BEEBOX,Warm,BEEBOX,TOMST39_QHI,2025-08-04,8.994140625,2025,8,4,31,338.7591145833333,640.7076822916666,389.890625
BEEBOX,Warm,BEEBOX,TOMST39_QHI,2025-08-05,6.0546875,2025,8,5,32,341.1881510416667,646.8294270833333,392.9954427083333
BEEBOX,Warm,BEEBOX,TOMST39_QHI,2025-08-06,5.991536458333333,2025,8,6,32,342.7233072916667,652.8209635416666,395.18359375
BEEBOX,Warm,BEEBOX,TOMST39_QHI,2025-08-07,6.126953125,2025,8,7,32,345.15885416666663,658.9479166666666,398.12434895833326
BEEBOX,Warm,BEEBOX,TOMST39_QHI,2025-08-08,8.802734375,2025,8,8,32,349.46354166666663,667.7506510416666,403.1263020833333
BEEBOX,Warm,BEEBOX,TOMST39_QHI,2025-08-09,11.716145833333334,2025,8,9,32,356.41796875,679.466796875,410.92057291666663
BEEBOX,Warm,BEEBOX,TOMST39_QHI,2025-08-10,7.587239583333333,2025,8,10,32,359.0052083333333,687.0540364583333,414.5078125
BEEBOX,Warm,BEEBOX,TOMST39_QHI,2025-08-11,7.264973958333333,2025,8,11,32,361.271484375,694.3190104166666,417.77278645833337
BEEBOX,Warm,BEEBOX,TOMST39_QHI,2025-08-12,NA,2025,8,12,33,NA,NA,NA
